[08-06-2026 @00:14:33] 
Player ID: 0642288 Jugador: Yoyo Game ID: 1 GOL1: 2 GOL2: 1 PEN1: null PEN2: null
Player ID: 0642288 Jugador: Yoyo Game ID: 2 GOL1: 1 GOL2: 1 PEN1: null PEN2: null
Player ID: 0642288 Jugador: Yoyo Game ID: 3 GOL1: 2 GOL2: 0 PEN1: null PEN2: null
Player ID: 0642288 Jugador: Yoyo Game ID: 4 GOL1: 1 GOL2: 3 PEN1: null PEN2: null
Player ID: 0642288 Jugador: Yoyo Game ID: 5 GOL1: 0 GOL2: 2 PEN1: null PEN2: null
Player ID: 0642288 Jugador: Yoyo Game ID: 6 GOL1: 1 GOL2: 1 PEN1: null PEN2: null
Player ID: 0642288 Jugador: Yoyo Game ID: 7 GOL1: 0 GOL2: 2 PEN1: null PEN2: null
Player ID: 0642288 Jugador: Yoyo Game ID: 8 GOL1: 1 GOL2: 3 PEN1: null PEN2: null
Player ID: 0642288 Jugador: Yoyo Game ID: 9 GOL1: 5 GOL2: 0 PEN1: null PEN2: null
Player ID: 0642288 Jugador: Yoyo Game ID: 10 GOL1: 2 GOL2: 1 PEN1: null PEN2: null
Player ID: 0642288 Jugador: Yoyo Game ID: 11 GOL1: 1 GOL2: 1 PEN1: null PEN2: null
Player ID: 0642288 Jugador: Yoyo Game ID: 12 GOL1: 0 GOL2: 0 PEN1: null PEN2: null
Player ID: 0642288 Jugador: Yoyo Game ID: 13 GOL1: 7 GOL2: 0 PEN1: null PEN2: null
Player ID: 0642288 Jugador: Yoyo Game ID: 14 GOL1: 3 GOL2: 1 PEN1: null PEN2: null
Player ID: 0642288 Jugador: Yoyo Game ID: 15 GOL1: 1 GOL2: 1 PEN1: null PEN2: null
Player ID: 0642288 Jugador: Yoyo Game ID: 16 GOL1: 0 GOL2: 0 PEN1: null PEN2: null
Player ID: 0642288 Jugador: Yoyo Game ID: 17 GOL1: 2 GOL2: 0 PEN1: null PEN2: null
Player ID: 0642288 Jugador: Yoyo Game ID: 18 GOL1: 1 GOL2: 2 PEN1: null PEN2: null
Player ID: 0642288 Jugador: Yoyo Game ID: 19 GOL1: 2 GOL2: 0 PEN1: null PEN2: null
Player ID: 0642288 Jugador: Yoyo Game ID: 20 GOL1: 1 GOL2: 0 PEN1: null PEN2: null
Player ID: 0642288 Jugador: Yoyo Game ID: 21 GOL1: 4 GOL2: 1 PEN1: null PEN2: null
Player ID: 0642288 Jugador: Yoyo Game ID: 22 GOL1: 2 GOL2: 1 PEN1: null PEN2: null
Player ID: 0642288 Jugador: Yoyo Game ID: 23 GOL1: 3 GOL2: 1 PEN1: null PEN2: null
Player ID: 0642288 Jugador: Yoyo Game ID: 24 GOL1: 0 GOL2: 2 PEN1: null PEN2: null
Player ID: 0642288 Jugador: Yoyo Game ID: 25 GOL1: 1 GOL2: 1 PEN1: null PEN2: null
Player ID: 0642288 Jugador: Yoyo Game ID: 26 GOL1: 1 GOL2: 0 PEN1: null PEN2: null
Player ID: 0642288 Jugador: Yoyo Game ID: 27 GOL1: 2 GOL2: 0 PEN1: null PEN2: null
Player ID: 0642288 Jugador: Yoyo Game ID: 28 GOL1: 0 GOL2: 0 PEN1: null PEN2: null
Player ID: 0642288 Jugador: Yoyo Game ID: 29 GOL1: 2 GOL2: 1 PEN1: null PEN2: null
Player ID: 0642288 Jugador: Yoyo Game ID: 30 GOL1: 3 GOL2: 1 PEN1: null PEN2: null
Player ID: 0642288 Jugador: Yoyo Game ID: 31 GOL1: 5 GOL2: 0 PEN1: null PEN2: null
Player ID: 0642288 Jugador: Yoyo Game ID: 32 GOL1: 1 GOL2: 0 PEN1: null PEN2: null
Player ID: 0642288 Jugador: Yoyo Game ID: 33 GOL1: 2 GOL2: 1 PEN1: null PEN2: null
Player ID: 0642288 Jugador: Yoyo Game ID: 34 GOL1: 2 GOL2: 1 PEN1: null PEN2: null
Player ID: 0642288 Jugador: Yoyo Game ID: 35 GOL1: 2 GOL2: 0 PEN1: null PEN2: null
Player ID: 0642288 Jugador: Yoyo Game ID: 36 GOL1: 1 GOL2: 2 PEN1: null PEN2: null
Player ID: 0642288 Jugador: Yoyo Game ID: 37 GOL1: 2 GOL2: 1 PEN1: null PEN2: null
Player ID: 0642288 Jugador: Yoyo Game ID: 38 GOL1: 0 GOL2: 0 PEN1: null PEN2: null
Player ID: 0642288 Jugador: Yoyo Game ID: 39 GOL1: 2 GOL2: 0 PEN1: null PEN2: null
Player ID: 0642288 Jugador: Yoyo Game ID: 40 GOL1: 1 GOL2: 0 PEN1: null PEN2: null
Player ID: 0642288 Jugador: Yoyo Game ID: 41 GOL1: 2 GOL2: 1 PEN1: null PEN2: null
Player ID: 0642288 Jugador: Yoyo Game ID: 42 GOL1: 3 GOL2: 0 PEN1: null PEN2: null
Player ID: 0642288 Jugador: Yoyo Game ID: 43 GOL1: 2 GOL2: 2 PEN1: null PEN2: null
Player ID: 0642288 Jugador: Yoyo Game ID: 44 GOL1: 1 GOL2: 0 PEN1: null PEN2: null
Player ID: 0642288 Jugador: Yoyo Game ID: 45 GOL1: 3 GOL2: 1 PEN1: null PEN2: null
Player ID: 0642288 Jugador: Yoyo Game ID: 46 GOL1: 2 GOL2: 1 PEN1: null PEN2: null
Player ID: 0642288 Jugador: Yoyo Game ID: 47 GOL1: 0 GOL2: 3 PEN1: null PEN2: null
Player ID: 0642288 Jugador: Yoyo Game ID: 48 GOL1: 2 GOL2: 0 PEN1: null PEN2: null
Player ID: 0642288 Jugador: Yoyo Game ID: 49 GOL1: 1 GOL2: 0 PEN1: null PEN2: null
Player ID: 0642288 Jugador: Yoyo Game ID: 50 GOL1: 1 GOL2: 0 PEN1: null PEN2: null
Player ID: 0642288 Jugador: Yoyo Game ID: 51 GOL1: 2 GOL2: 0 PEN1: null PEN2: null
Player ID: 0642288 Jugador: Yoyo Game ID: 52 GOL1: 2 GOL2: 1 PEN1: null PEN2: null
Player ID: 0642288 Jugador: Yoyo Game ID: 53 GOL1: 1 GOL2: 1 PEN1: null PEN2: null
Player ID: 0642288 Jugador: Yoyo Game ID: 54 GOL1: 0 GOL2: 2 PEN1: null PEN2: null
Player ID: 0642288 Jugador: Yoyo Game ID: 55 GOL1: 0 GOL2: 1 PEN1: null PEN2: null
Player ID: 0642288 Jugador: Yoyo Game ID: 56 GOL1: 1 GOL2: 1 PEN1: null PEN2: null
Player ID: 0642288 Jugador: Yoyo Game ID: 57 GOL1: 0 GOL2: 1 PEN1: null PEN2: null
Player ID: 0642288 Jugador: Yoyo Game ID: 58 GOL1: 0 GOL2: 2 PEN1: null PEN2: null
Player ID: 0642288 Jugador: Yoyo Game ID: 59 GOL1: 1 GOL2: 0 PEN1: null PEN2: null
Player ID: 0642288 Jugador: Yoyo Game ID: 60 GOL1: 2 GOL2: 1 PEN1: null PEN2: null
Player ID: 0642288 Jugador: Yoyo Game ID: 61 GOL1: 1 GOL2: 2 PEN1: null PEN2: null
Player ID: 0642288 Jugador: Yoyo Game ID: 62 GOL1: 1 GOL2: 0 PEN1: null PEN2: null
Player ID: 0642288 Jugador: Yoyo Game ID: 63 GOL1: 0 GOL2: 1 PEN1: null PEN2: null
Player ID: 0642288 Jugador: Yoyo Game ID: 64 GOL1: 1 GOL2: 3 PEN1: null PEN2: null
Player ID: 0642288 Jugador: Yoyo Game ID: 65 GOL1: 1 GOL2: 0 PEN1: null PEN2: null
Player ID: 0642288 Jugador: Yoyo Game ID: 66 GOL1: 0 GOL2: 2 PEN1: null PEN2: null
Player ID: 0642288 Jugador: Yoyo Game ID: 67 GOL1: 0 GOL2: 3 PEN1: null PEN2: null
Player ID: 0642288 Jugador: Yoyo Game ID: 68 GOL1: 2 GOL2: 2 PEN1: null PEN2: null
Player ID: 0642288 Jugador: Yoyo Game ID: 69 GOL1: 2 GOL2: 3 PEN1: null PEN2: null
Player ID: 0642288 Jugador: Yoyo Game ID: 70 GOL1: 0 GOL2: 1 PEN1: null PEN2: null
Player ID: 0642288 Jugador: Yoyo Game ID: 71 GOL1: 0 GOL2: 0 PEN1: null PEN2: null
Player ID: 0642288 Jugador: Yoyo Game ID: 72 GOL1: 1 GOL2: 3 PEN1: null PEN2: null
[09-06-2026 @01:34:48] 
Player ID: 0866640 Jugador: Chivicampeon Game ID: 1 GOL1: 2 GOL2: 1 PEN1: null PEN2: null
Player ID: 0866640 Jugador: Chivicampeon Game ID: 2 GOL1: 1 GOL2: 1 PEN1: null PEN2: null
Player ID: 0866640 Jugador: Chivicampeon Game ID: 3 GOL1: 2 GOL2: 1 PEN1: null PEN2: null
Player ID: 0866640 Jugador: Chivicampeon Game ID: 4 GOL1: 0 GOL2: 1 PEN1: null PEN2: null
Player ID: 0866640 Jugador: Chivicampeon Game ID: 5 GOL1: 0 GOL2: 2 PEN1: null PEN2: null
Player ID: 0866640 Jugador: Chivicampeon Game ID: 6 GOL1: 3 GOL2: 1 PEN1: null PEN2: null
Player ID: 0866640 Jugador: Chivicampeon Game ID: 7 GOL1: 1 GOL2: 1 PEN1: null PEN2: null
Player ID: 0866640 Jugador: Chivicampeon Game ID: 8 GOL1: 1 GOL2: 2 PEN1: null PEN2: null
Player ID: 0866640 Jugador: Chivicampeon Game ID: 9 GOL1: 3 GOL2: 0 PEN1: null PEN2: null
Player ID: 0866640 Jugador: Chivicampeon Game ID: 10 GOL1: 2 GOL2: 1 PEN1: null PEN2: null
Player ID: 0866640 Jugador: Chivicampeon Game ID: 11 GOL1: 0 GOL2: 2 PEN1: null PEN2: null
Player ID: 0866640 Jugador: Chivicampeon Game ID: 12 GOL1: 1 GOL2: 0 PEN1: null PEN2: null
Player ID: 0866640 Jugador: Chivicampeon Game ID: 13 GOL1: 3 GOL2: 0 PEN1: null PEN2: null
Player ID: 0866640 Jugador: Chivicampeon Game ID: 14 GOL1: 2 GOL2: 2 PEN1: null PEN2: null
Player ID: 0866640 Jugador: Chivicampeon Game ID: 15 GOL1: 0 GOL2: 2 PEN1: null PEN2: null
Player ID: 0866640 Jugador: Chivicampeon Game ID: 16 GOL1: 1 GOL2: 0 PEN1: null PEN2: null
Player ID: 0866640 Jugador: Chivicampeon Game ID: 17 GOL1: 2 GOL2: 1 PEN1: null PEN2: null
Player ID: 0866640 Jugador: Chivicampeon Game ID: 18 GOL1: 0 GOL2: 2 PEN1: null PEN2: null
Player ID: 0866640 Jugador: Chivicampeon Game ID: 19 GOL1: 3 GOL2: 0 PEN1: null PEN2: null
Player ID: 0866640 Jugador: Chivicampeon Game ID: 20 GOL1: 1 GOL2: 0 PEN1: null PEN2: null
Player ID: 0866640 Jugador: Chivicampeon Game ID: 21 GOL1: 3 GOL2: 0 PEN1: null PEN2: null
Player ID: 0866640 Jugador: Chivicampeon Game ID: 22 GOL1: 2 GOL2: 1 PEN1: null PEN2: null
Player ID: 0866640 Jugador: Chivicampeon Game ID: 23 GOL1: 1 GOL2: 1 PEN1: null PEN2: null
Player ID: 0866640 Jugador: Chivicampeon Game ID: 24 GOL1: 0 GOL2: 2 PEN1: null PEN2: null
Player ID: 0866640 Jugador: Chivicampeon Game ID: 25 GOL1: 2 GOL2: 1 PEN1: null PEN2: null
Player ID: 0866640 Jugador: Chivicampeon Game ID: 26 GOL1: 2 GOL2: 1 PEN1: null PEN2: null
Player ID: 0866640 Jugador: Chivicampeon Game ID: 27 GOL1: 2 GOL2: 0 PEN1: null PEN2: null
Player ID: 0866640 Jugador: Chivicampeon Game ID: 28 GOL1: 1 GOL2: 1 PEN1: null PEN2: null
Player ID: 0866640 Jugador: Chivicampeon Game ID: 29 GOL1: 2 GOL2: 0 PEN1: null PEN2: null
Player ID: 0866640 Jugador: Chivicampeon Game ID: 30 GOL1: 2 GOL2: 2 PEN1: null PEN2: null
Player ID: 0866640 Jugador: Chivicampeon Game ID: 31 GOL1: 3 GOL2: 1 PEN1: null PEN2: null
Player ID: 0866640 Jugador: Chivicampeon Game ID: 32 GOL1: 1 GOL2: 3 PEN1: null PEN2: null
Player ID: 0866640 Jugador: Chivicampeon Game ID: 33 GOL1: 1 GOL2: 0 PEN1: null PEN2: null
Player ID: 0866640 Jugador: Chivicampeon Game ID: 34 GOL1: 2 GOL2: 1 PEN1: null PEN2: null
Player ID: 0866640 Jugador: Chivicampeon Game ID: 35 GOL1: 2 GOL2: 0 PEN1: null PEN2: null
Player ID: 0866640 Jugador: Chivicampeon Game ID: 36 GOL1: 1 GOL2: 2 PEN1: null PEN2: null
Player ID: 0866640 Jugador: Chivicampeon Game ID: 37 GOL1: 2 GOL2: 0 PEN1: null PEN2: null
Player ID: 0866640 Jugador: Chivicampeon Game ID: 38 GOL1: 3 GOL2: 1 PEN1: null PEN2: null
Player ID: 0866640 Jugador: Chivicampeon Game ID: 39 GOL1: 2 GOL2: 0 PEN1: null PEN2: null
Player ID: 0866640 Jugador: Chivicampeon Game ID: 40 GOL1: 1 GOL2: 3 PEN1: null PEN2: null
Player ID: 0866640 Jugador: Chivicampeon Game ID: 41 GOL1: 2 GOL2: 0 PEN1: null PEN2: null
Player ID: 0866640 Jugador: Chivicampeon Game ID: 42 GOL1: 3 GOL2: 0 PEN1: null PEN2: null
Player ID: 0866640 Jugador: Chivicampeon Game ID: 43 GOL1: 2 GOL2: 2 PEN1: null PEN2: null
Player ID: 0866640 Jugador: Chivicampeon Game ID: 44 GOL1: 1 GOL2: 1 PEN1: null PEN2: null
Player ID: 0866640 Jugador: Chivicampeon Game ID: 45 GOL1: 2 GOL2: 1 PEN1: null PEN2: null
Player ID: 0866640 Jugador: Chivicampeon Game ID: 46 GOL1: 3 GOL2: 1 PEN1: null PEN2: null
Player ID: 0866640 Jugador: Chivicampeon Game ID: 47 GOL1: 1 GOL2: 1 PEN1: null PEN2: null
Player ID: 0866640 Jugador: Chivicampeon Game ID: 48 GOL1: 3 GOL2: 0 PEN1: null PEN2: null
Player ID: 0866640 Jugador: Chivicampeon Game ID: 49 GOL1: 2 GOL2: 1 PEN1: null PEN2: null
Player ID: 0866640 Jugador: Chivicampeon Game ID: 50 GOL1: 1 GOL2: 0 PEN1: null PEN2: null
Player ID: 0866640 Jugador: Chivicampeon Game ID: 51 GOL1: 3 GOL2: 1 PEN1: null PEN2: null
Player ID: 0866640 Jugador: Chivicampeon Game ID: 52 GOL1: 2 GOL2: 0 PEN1: null PEN2: null
Player ID: 0866640 Jugador: Chivicampeon Game ID: 53 GOL1: 3 GOL2: 1 PEN1: null PEN2: null
Player ID: 0866640 Jugador: Chivicampeon Game ID: 54 GOL1: 0 GOL2: 2 PEN1: null PEN2: null
Player ID: 0866640 Jugador: Chivicampeon Game ID: 55 GOL1: 1 GOL2: 2 PEN1: null PEN2: null
Player ID: 0866640 Jugador: Chivicampeon Game ID: 56 GOL1: 1 GOL2: 1 PEN1: null PEN2: null
Player ID: 0866640 Jugador: Chivicampeon Game ID: 57 GOL1: 2 GOL2: 2 PEN1: null PEN2: null
Player ID: 0866640 Jugador: Chivicampeon Game ID: 58 GOL1: 0 GOL2: 2 PEN1: null PEN2: null
Player ID: 0866640 Jugador: Chivicampeon Game ID: 59 GOL1: 2 GOL2: 1 PEN1: null PEN2: null
Player ID: 0866640 Jugador: Chivicampeon Game ID: 60 GOL1: 2 GOL2: 1 PEN1: null PEN2: null
Player ID: 0866640 Jugador: Chivicampeon Game ID: 61 GOL1: 1 GOL2: 2 PEN1: null PEN2: null
Player ID: 0866640 Jugador: Chivicampeon Game ID: 62 GOL1: 2 GOL2: 0 PEN1: null PEN2: null
Player ID: 0866640 Jugador: Chivicampeon Game ID: 63 GOL1: 1 GOL2: 2 PEN1: null PEN2: null
Player ID: 0866640 Jugador: Chivicampeon Game ID: 64 GOL1: 1 GOL2: 1 PEN1: null PEN2: null
Player ID: 0866640 Jugador: Chivicampeon Game ID: 65 GOL1: 1 GOL2: 0 PEN1: null PEN2: null
Player ID: 0866640 Jugador: Chivicampeon Game ID: 66 GOL1: 0 GOL2: 2 PEN1: null PEN2: null
Player ID: 0866640 Jugador: Chivicampeon Game ID: 67 GOL1: 1 GOL2: 3 PEN1: null PEN2: null
Player ID: 0866640 Jugador: Chivicampeon Game ID: 68 GOL1: 1 GOL2: 2 PEN1: null PEN2: null
Player ID: 0866640 Jugador: Chivicampeon Game ID: 69 GOL1: 2 GOL2: 1 PEN1: null PEN2: null
Player ID: 0866640 Jugador: Chivicampeon Game ID: 70 GOL1: 0 GOL2: 0 PEN1: null PEN2: null
Player ID: 0866640 Jugador: Chivicampeon Game ID: 71 GOL1: 1 GOL2: 2 PEN1: null PEN2: null
Player ID: 0866640 Jugador: Chivicampeon Game ID: 72 GOL1: 0 GOL2: 3 PEN1: null PEN2: null
[09-06-2026 @04:07:33] 
Player ID: 0517144 Jugador: Mariandi  Game ID: 1 GOL1: 2 GOL2: 1 PEN1: null PEN2: null
Player ID: 0517144 Jugador: Mariandi  Game ID: 2 GOL1: 1 GOL2: 0 PEN1: null PEN2: null
Player ID: 0517144 Jugador: Mariandi  Game ID: 3 GOL1: 1 GOL2: 0 PEN1: null PEN2: null
Player ID: 0517144 Jugador: Mariandi  Game ID: 4 GOL1: 1 GOL2: 1 PEN1: null PEN2: null
Player ID: 0517144 Jugador: Mariandi  Game ID: 5 GOL1: 0 GOL2: 2 PEN1: null PEN2: null
Player ID: 0517144 Jugador: Mariandi  Game ID: 6 GOL1: 2 GOL2: 1 PEN1: null PEN2: null
Player ID: 0517144 Jugador: Mariandi  Game ID: 7 GOL1: 0 GOL2: 2 PEN1: null PEN2: null
Player ID: 0517144 Jugador: Mariandi  Game ID: 8 GOL1: 1 GOL2: 1 PEN1: null PEN2: null
Player ID: 0517144 Jugador: Mariandi  Game ID: 9 GOL1: 3 GOL2: 0 PEN1: null PEN2: null
Player ID: 0517144 Jugador: Mariandi  Game ID: 10 GOL1: 3 GOL2: 2 PEN1: null PEN2: null
Player ID: 0517144 Jugador: Mariandi  Game ID: 11 GOL1: 0 GOL2: 2 PEN1: null PEN2: null
Player ID: 0517144 Jugador: Mariandi  Game ID: 12 GOL1: 1 GOL2: 0 PEN1: null PEN2: null
Player ID: 0517144 Jugador: Mariandi  Game ID: 13 GOL1: 3 GOL2: 0 PEN1: null PEN2: null
Player ID: 0517144 Jugador: Mariandi  Game ID: 14 GOL1: 2 GOL2: 0 PEN1: null PEN2: null
Player ID: 0517144 Jugador: Mariandi  Game ID: 15 GOL1: 0 GOL2: 2 PEN1: null PEN2: null
Player ID: 0517144 Jugador: Mariandi  Game ID: 16 GOL1: 0 GOL2: 1 PEN1: null PEN2: null
Player ID: 0517144 Jugador: Mariandi  Game ID: 17 GOL1: 2 GOL2: 1 PEN1: null PEN2: null
Player ID: 0517144 Jugador: Mariandi  Game ID: 18 GOL1: 0 GOL2: 1 PEN1: null PEN2: null
Player ID: 0517144 Jugador: Mariandi  Game ID: 19 GOL1: 2 GOL2: 1 PEN1: null PEN2: null
Player ID: 0517144 Jugador: Mariandi  Game ID: 20 GOL1: 0 GOL2: 1 PEN1: null PEN2: null
Player ID: 0517144 Jugador: Mariandi  Game ID: 21 GOL1: 2 GOL2: 0 PEN1: null PEN2: null
Player ID: 0517144 Jugador: Mariandi  Game ID: 22 GOL1: 2 GOL2: 2 PEN1: null PEN2: null
Player ID: 0517144 Jugador: Mariandi  Game ID: 23 GOL1: 1 GOL2: 0 PEN1: null PEN2: null
Player ID: 0517144 Jugador: Mariandi  Game ID: 24 GOL1: 0 GOL2: 1 PEN1: null PEN2: null
Player ID: 0517144 Jugador: Mariandi  Game ID: 25 GOL1: 1 GOL2: 0 PEN1: null PEN2: null
Player ID: 0517144 Jugador: Mariandi  Game ID: 26 GOL1: 1 GOL2: 0 PEN1: null PEN2: null
Player ID: 0517144 Jugador: Mariandi  Game ID: 27 GOL1: 1 GOL2: 0 PEN1: null PEN2: null
Player ID: 0517144 Jugador: Mariandi  Game ID: 28 GOL1: 1 GOL2: 2 PEN1: null PEN2: null
Player ID: 0517144 Jugador: Mariandi  Game ID: 29 GOL1: 2 GOL2: 1 PEN1: null PEN2: null
Player ID: 0517144 Jugador: Mariandi  Game ID: 30 GOL1: 1 GOL2: 2 PEN1: null PEN2: null
Player ID: 0517144 Jugador: Mariandi  Game ID: 31 GOL1: 3 GOL2: 0 PEN1: null PEN2: null
Player ID: 0517144 Jugador: Mariandi  Game ID: 32 GOL1: 1 GOL2: 2 PEN1: null PEN2: null
Player ID: 0517144 Jugador: Mariandi  Game ID: 33 GOL1: 2 GOL2: 1 PEN1: null PEN2: null
Player ID: 0517144 Jugador: Mariandi  Game ID: 34 GOL1: 3 GOL2: 0 PEN1: null PEN2: null
Player ID: 0517144 Jugador: Mariandi  Game ID: 35 GOL1: 2 GOL2: 0 PEN1: null PEN2: null
Player ID: 0517144 Jugador: Mariandi  Game ID: 36 GOL1: 0 GOL2: 2 PEN1: null PEN2: null
Player ID: 0517144 Jugador: Mariandi  Game ID: 37 GOL1: 2 GOL2: 0 PEN1: null PEN2: null
Player ID: 0517144 Jugador: Mariandi  Game ID: 38 GOL1: 2 GOL2: 0 PEN1: null PEN2: null
Player ID: 0517144 Jugador: Mariandi  Game ID: 39 GOL1: 2 GOL2: 0 PEN1: null PEN2: null
Player ID: 0517144 Jugador: Mariandi  Game ID: 40 GOL1: 1 GOL2: 0 PEN1: null PEN2: null
Player ID: 0517144 Jugador: Mariandi  Game ID: 41 GOL1: 2 GOL2: 0 PEN1: null PEN2: null
Player ID: 0517144 Jugador: Mariandi  Game ID: 42 GOL1: 3 GOL2: 0 PEN1: null PEN2: null
Player ID: 0517144 Jugador: Mariandi  Game ID: 43 GOL1: 1 GOL2: 2 PEN1: null PEN2: null
Player ID: 0517144 Jugador: Mariandi  Game ID: 44 GOL1: 1 GOL2: 2 PEN1: null PEN2: null
Player ID: 0517144 Jugador: Mariandi  Game ID: 45 GOL1: 3 GOL2: 0 PEN1: null PEN2: null
Player ID: 0517144 Jugador: Mariandi  Game ID: 46 GOL1: 2 GOL2: 1 PEN1: null PEN2: null
Player ID: 0517144 Jugador: Mariandi  Game ID: 47 GOL1: 0 GOL2: 2 PEN1: null PEN2: null
Player ID: 0517144 Jugador: Mariandi  Game ID: 48 GOL1: 2 GOL2: 1 PEN1: null PEN2: null
Player ID: 0517144 Jugador: Mariandi  Game ID: 49 GOL1: 2 GOL2: 1 PEN1: null PEN2: null
Player ID: 0517144 Jugador: Mariandi  Game ID: 50 GOL1: 0 GOL2: 1 PEN1: null PEN2: null
Player ID: 0517144 Jugador: Mariandi  Game ID: 51 GOL1: 3 GOL2: 1 PEN1: null PEN2: null
Player ID: 0517144 Jugador: Mariandi  Game ID: 52 GOL1: 3 GOL2: 0 PEN1: null PEN2: null
Player ID: 0517144 Jugador: Mariandi  Game ID: 53 GOL1: 1 GOL2: 2 PEN1: null PEN2: null
Player ID: 0517144 Jugador: Mariandi  Game ID: 54 GOL1: 1 GOL2: 2 PEN1: null PEN2: null
Player ID: 0517144 Jugador: Mariandi  Game ID: 55 GOL1: 0 GOL2: 1 PEN1: null PEN2: null
Player ID: 0517144 Jugador: Mariandi  Game ID: 56 GOL1: 1 GOL2: 2 PEN1: null PEN2: null
Player ID: 0517144 Jugador: Mariandi  Game ID: 57 GOL1: 2 GOL2: 0 PEN1: null PEN2: null
Player ID: 0517144 Jugador: Mariandi  Game ID: 58 GOL1: 1 GOL2: 3 PEN1: null PEN2: null
Player ID: 0517144 Jugador: Mariandi  Game ID: 59 GOL1: 1 GOL2: 1 PEN1: null PEN2: null
Player ID: 0517144 Jugador: Mariandi  Game ID: 60 GOL1: 1 GOL2: 0 PEN1: null PEN2: null
Player ID: 0517144 Jugador: Mariandi  Game ID: 61 GOL1: 0 GOL2: 3 PEN1: null PEN2: null
Player ID: 0517144 Jugador: Mariandi  Game ID: 62 GOL1: 2 GOL2: 0 PEN1: null PEN2: null
Player ID: 0517144 Jugador: Mariandi  Game ID: 63 GOL1: 1 GOL2: 1 PEN1: null PEN2: null
Player ID: 0517144 Jugador: Mariandi  Game ID: 64 GOL1: 2 GOL2: 3 PEN1: null PEN2: null
Player ID: 0517144 Jugador: Mariandi  Game ID: 65 GOL1: 2 GOL2: 0 PEN1: null PEN2: null
Player ID: 0517144 Jugador: Mariandi  Game ID: 66 GOL1: 1 GOL2: 2 PEN1: null PEN2: null
Player ID: 0517144 Jugador: Mariandi  Game ID: 67 GOL1: 0 GOL2: 3 PEN1: null PEN2: null
Player ID: 0517144 Jugador: Mariandi  Game ID: 68 GOL1: 3 GOL2: 1 PEN1: null PEN2: null
Player ID: 0517144 Jugador: Mariandi  Game ID: 69 GOL1: 1 GOL2: 3 PEN1: null PEN2: null
Player ID: 0517144 Jugador: Mariandi  Game ID: 70 GOL1: 2 GOL2: 0 PEN1: null PEN2: null
Player ID: 0517144 Jugador: Mariandi  Game ID: 71 GOL1: 2 GOL2: 0 PEN1: null PEN2: null
Player ID: 0517144 Jugador: Mariandi  Game ID: 72 GOL1: 0 GOL2: 2 PEN1: null PEN2: null
[09-06-2026 @12:13:43] 
Player ID: 0548911 Jugador: Raulmarin Game ID: 1 GOL1: 2 GOL2: 1 PEN1: null PEN2: null
Player ID: 0548911 Jugador: Raulmarin Game ID: 2 GOL1: 2 GOL2: 1 PEN1: null PEN2: null
Player ID: 0548911 Jugador: Raulmarin Game ID: 3 GOL1: 2 GOL2: 0 PEN1: null PEN2: null
Player ID: 0548911 Jugador: Raulmarin Game ID: 4 GOL1: 2 GOL2: 2 PEN1: null PEN2: null
Player ID: 0548911 Jugador: Raulmarin Game ID: 5 GOL1: 0 GOL2: 3 PEN1: null PEN2: null
Player ID: 0548911 Jugador: Raulmarin Game ID: 6 GOL1: 3 GOL2: 0 PEN1: null PEN2: null
Player ID: 0548911 Jugador: Raulmarin Game ID: 7 GOL1: 0 GOL2: 51 PEN1: null PEN2: null
Player ID: 0548911 Jugador: Raulmarin Game ID: 8 GOL1: 1 GOL2: 2 PEN1: null PEN2: null
Player ID: 0548911 Jugador: Raulmarin Game ID: 9 GOL1: 5 GOL2: 0 PEN1: null PEN2: null
Player ID: 0548911 Jugador: Raulmarin Game ID: 10 GOL1: 2 GOL2: 1 PEN1: null PEN2: null
Player ID: 0548911 Jugador: Raulmarin Game ID: 11 GOL1: 0 GOL2: 2 PEN1: null PEN2: null
Player ID: 0548911 Jugador: Raulmarin Game ID: 12 GOL1: 2 GOL2: 0 PEN1: null PEN2: null
Player ID: 0548911 Jugador: Raulmarin Game ID: 13 GOL1: 3 GOL2: 0 PEN1: null PEN2: null
Player ID: 0548911 Jugador: Raulmarin Game ID: 14 GOL1: 2 GOL2: 0 PEN1: null PEN2: null
Player ID: 0548911 Jugador: Raulmarin Game ID: 15 GOL1: 1 GOL2: 2 PEN1: null PEN2: null
Player ID: 0548911 Jugador: Raulmarin Game ID: 16 GOL1: 2 GOL2: 2 PEN1: null PEN2: null
Player ID: 0548911 Jugador: Raulmarin Game ID: 17 GOL1: 3 GOL2: 1 PEN1: null PEN2: null
Player ID: 0548911 Jugador: Raulmarin Game ID: 18 GOL1: 0 GOL2: 4 PEN1: null PEN2: null
Player ID: 0548911 Jugador: Raulmarin Game ID: 19 GOL1: 3 GOL2: 0 PEN1: null PEN2: null
Player ID: 0548911 Jugador: Raulmarin Game ID: 20 GOL1: 3 GOL2: 0 PEN1: null PEN2: null
Player ID: 0548911 Jugador: Raulmarin Game ID: 21 GOL1: 4 GOL2: 0 PEN1: null PEN2: null
Player ID: 0548911 Jugador: Raulmarin Game ID: 22 GOL1: 2 GOL2: 1 PEN1: null PEN2: null
Player ID: 0548911 Jugador: Raulmarin Game ID: 23 GOL1: 3 GOL2: 0 PEN1: null PEN2: null
Player ID: 0548911 Jugador: Raulmarin Game ID: 24 GOL1: 0 GOL2: 3 PEN1: null PEN2: null
Player ID: 0548911 Jugador: Raulmarin Game ID: 25 GOL1: 2 GOL2: 1 PEN1: null PEN2: null
Player ID: 0548911 Jugador: Raulmarin Game ID: 26 GOL1: 3 GOL2: 2 PEN1: null PEN2: null
Player ID: 0548911 Jugador: Raulmarin Game ID: 27 GOL1: 3 GOL2: 1 PEN1: null PEN2: null
Player ID: 0548911 Jugador: Raulmarin Game ID: 28 GOL1: 2 GOL2: 2 PEN1: null PEN2: null
Player ID: 0548911 Jugador: Raulmarin Game ID: 29 GOL1: 2 GOL2: 1 PEN1: null PEN2: null
Player ID: 0548911 Jugador: Raulmarin Game ID: 30 GOL1: 1 GOL2: 1 PEN1: null PEN2: null
Player ID: 0548911 Jugador: Raulmarin Game ID: 31 GOL1: 3 GOL2: 0 PEN1: null PEN2: null
Player ID: 0548911 Jugador: Raulmarin Game ID: 32 GOL1: 1 GOL2: 1 PEN1: null PEN2: null
Player ID: 0548911 Jugador: Raulmarin Game ID: 33 GOL1: 2 GOL2: 2 PEN1: null PEN2: null
Player ID: 0548911 Jugador: Raulmarin Game ID: 34 GOL1: 3 GOL2: 0 PEN1: null PEN2: null
Player ID: 0548911 Jugador: Raulmarin Game ID: 35 GOL1: 3 GOL2: 0 PEN1: null PEN2: null
Player ID: 0548911 Jugador: Raulmarin Game ID: 36 GOL1: 0 GOL2: 3 PEN1: null PEN2: null
Player ID: 0548911 Jugador: Raulmarin Game ID: 37 GOL1: 3 GOL2: 0 PEN1: null PEN2: null
Player ID: 0548911 Jugador: Raulmarin Game ID: 38 GOL1: 2 GOL2: 0 PEN1: null PEN2: null
Player ID: 0548911 Jugador: Raulmarin Game ID: 39 GOL1: 3 GOL2: 0 PEN1: null PEN2: null
Player ID: 0548911 Jugador: Raulmarin Game ID: 40 GOL1: 1 GOL2: 2 PEN1: null PEN2: null
Player ID: 0548911 Jugador: Raulmarin Game ID: 41 GOL1: 3 GOL2: 1 PEN1: null PEN2: null
Player ID: 0548911 Jugador: Raulmarin Game ID: 42 GOL1: 4 GOL2: 0 PEN1: null PEN2: null
Player ID: 0548911 Jugador: Raulmarin Game ID: 43 GOL1: 3 GOL2: 0 PEN1: null PEN2: null
Player ID: 0548911 Jugador: Raulmarin Game ID: 44 GOL1: 1 GOL2: 2 PEN1: null PEN2: null
Player ID: 0548911 Jugador: Raulmarin Game ID: 45 GOL1: 3 GOL2: 0 PEN1: null PEN2: null
Player ID: 0548911 Jugador: Raulmarin Game ID: 46 GOL1: 3 GOL2: 1 PEN1: null PEN2: null
Player ID: 0548911 Jugador: Raulmarin Game ID: 47 GOL1: 0 GOL2: 4 PEN1: null PEN2: null
Player ID: 0548911 Jugador: Raulmarin Game ID: 48 GOL1: 3 GOL2: 1 PEN1: null PEN2: null
Player ID: 0548911 Jugador: Raulmarin Game ID: 49 GOL1: 2 GOL2: 2 PEN1: null PEN2: null
Player ID: 0548911 Jugador: Raulmarin Game ID: 50 GOL1: 2 GOL2: 0 PEN1: null PEN2: null
Player ID: 0548911 Jugador: Raulmarin Game ID: 51 GOL1: 3 GOL2: 0 PEN1: null PEN2: null
Player ID: 0548911 Jugador: Raulmarin Game ID: 52 GOL1: 3 GOL2: 0 PEN1: null PEN2: null
Player ID: 0548911 Jugador: Raulmarin Game ID: 53 GOL1: 2 GOL2: 2 PEN1: null PEN2: null
Player ID: 0548911 Jugador: Raulmarin Game ID: 54 GOL1: 1 GOL2: 2 PEN1: null PEN2: null
Player ID: 0548911 Jugador: Raulmarin Game ID: 55 GOL1: 0 GOL2: 3 PEN1: null PEN2: null
Player ID: 0548911 Jugador: Raulmarin Game ID: 56 GOL1: 1 GOL2: 2 PEN1: null PEN2: null
Player ID: 0548911 Jugador: Raulmarin Game ID: 57 GOL1: 2 GOL2: 2 PEN1: null PEN2: null
Player ID: 0548911 Jugador: Raulmarin Game ID: 58 GOL1: 0 GOL2: 3 PEN1: null PEN2: null
Player ID: 0548911 Jugador: Raulmarin Game ID: 59 GOL1: 2 GOL2: 2 PEN1: null PEN2: null
Player ID: 0548911 Jugador: Raulmarin Game ID: 60 GOL1: 2 GOL2: 1 PEN1: null PEN2: null
Player ID: 0548911 Jugador: Raulmarin Game ID: 61 GOL1: 1 GOL2: 2 PEN1: null PEN2: null
Player ID: 0548911 Jugador: Raulmarin Game ID: 62 GOL1: 2 GOL2: 1 PEN1: null PEN2: null
Player ID: 0548911 Jugador: Raulmarin Game ID: 63 GOL1: 0 GOL2: 2 PEN1: null PEN2: null
Player ID: 0548911 Jugador: Raulmarin Game ID: 64 GOL1: 1 GOL2: 2 PEN1: null PEN2: null
Player ID: 0548911 Jugador: Raulmarin Game ID: 65 GOL1: 2 GOL2: 0 PEN1: null PEN2: null
Player ID: 0548911 Jugador: Raulmarin Game ID: 66 GOL1: 0 GOL2: 2 PEN1: null PEN2: null
Player ID: 0548911 Jugador: Raulmarin Game ID: 67 GOL1: 0 GOL2: 3 PEN1: null PEN2: null
Player ID: 0548911 Jugador: Raulmarin Game ID: 68 GOL1: 2 GOL2: 1 PEN1: null PEN2: null
Player ID: 0548911 Jugador: Raulmarin Game ID: 69 GOL1: 1 GOL2: 2 PEN1: null PEN2: null
Player ID: 0548911 Jugador: Raulmarin Game ID: 70 GOL1: 1 GOL2: 1 PEN1: null PEN2: null
Player ID: 0548911 Jugador: Raulmarin Game ID: 71 GOL1: 0 GOL2: 2 PEN1: null PEN2: null
Player ID: 0548911 Jugador: Raulmarin Game ID: 72 GOL1: 0 GOL2: 3 PEN1: null PEN2: null
[09-06-2026 @17:36:18] 
Player ID: 0299376 Jugador: Ana Marin  Game ID: 1 GOL1: 2 GOL2: 2 PEN1: null PEN2: null
Player ID: 0299376 Jugador: Ana Marin  Game ID: 2 GOL1: 3 GOL2: 1 PEN1: null PEN2: null
Player ID: 0299376 Jugador: Ana Marin  Game ID: 3 GOL1: 2 GOL2: 1 PEN1: null PEN2: null
Player ID: 0299376 Jugador: Ana Marin  Game ID: 4 GOL1: 3 GOL2: 2 PEN1: null PEN2: null
Player ID: 0299376 Jugador: Ana Marin  Game ID: 5 GOL1: 0 GOL2: 1 PEN1: null PEN2: null
Player ID: 0299376 Jugador: Ana Marin  Game ID: 6 GOL1: 3 GOL2: 2 PEN1: null PEN2: null
Player ID: 0299376 Jugador: Ana Marin  Game ID: 7 GOL1: 1 GOL2: 2 PEN1: null PEN2: null
Player ID: 0299376 Jugador: Ana Marin  Game ID: 8 GOL1: 2 GOL2: 0 PEN1: null PEN2: null
Player ID: 0299376 Jugador: Ana Marin  Game ID: 9 GOL1: 3 GOL2: 0 PEN1: null PEN2: null
Player ID: 0299376 Jugador: Ana Marin  Game ID: 10 GOL1: 2 GOL2: 2 PEN1: null PEN2: null
Player ID: 0299376 Jugador: Ana Marin  Game ID: 11 GOL1: 2 GOL2: 3 PEN1: null PEN2: null
Player ID: 0299376 Jugador: Ana Marin  Game ID: 12 GOL1: 1 GOL2: 1 PEN1: null PEN2: null
Player ID: 0299376 Jugador: Ana Marin  Game ID: 13 GOL1: 2 GOL2: 1 PEN1: null PEN2: null
Player ID: 0299376 Jugador: Ana Marin  Game ID: 14 GOL1: 3 GOL2: 0 PEN1: null PEN2: null
Player ID: 0299376 Jugador: Ana Marin  Game ID: 15 GOL1: 0 GOL2: 3 PEN1: null PEN2: null
Player ID: 0299376 Jugador: Ana Marin  Game ID: 16 GOL1: 1 GOL2: 1 PEN1: null PEN2: null
Player ID: 0299376 Jugador: Ana Marin  Game ID: 17 GOL1: 3 GOL2: 2 PEN1: null PEN2: null
Player ID: 0299376 Jugador: Ana Marin  Game ID: 18 GOL1: 2 GOL2: 2 PEN1: null PEN2: null
Player ID: 0299376 Jugador: Ana Marin  Game ID: 19 GOL1: 3 GOL2: 0 PEN1: null PEN2: null
Player ID: 0299376 Jugador: Ana Marin  Game ID: 20 GOL1: 2 GOL2: 1 PEN1: null PEN2: null
Player ID: 0299376 Jugador: Ana Marin  Game ID: 21 GOL1: 3 GOL2: 1 PEN1: null PEN2: null
Player ID: 0299376 Jugador: Ana Marin  Game ID: 22 GOL1: 3 GOL2: 1 PEN1: null PEN2: null
Player ID: 0299376 Jugador: Ana Marin  Game ID: 23 GOL1: 3 GOL2: 1 PEN1: null PEN2: null
Player ID: 0299376 Jugador: Ana Marin  Game ID: 24 GOL1: 0 GOL2: 2 PEN1: null PEN2: null
Player ID: 0299376 Jugador: Ana Marin  Game ID: 25 GOL1: 1 GOL2: 3 PEN1: null PEN2: null
Player ID: 0299376 Jugador: Ana Marin  Game ID: 26 GOL1: 2 GOL2: 0 PEN1: null PEN2: null
Player ID: 0299376 Jugador: Ana Marin  Game ID: 27 GOL1: 2 GOL2: 0 PEN1: null PEN2: null
Player ID: 0299376 Jugador: Ana Marin  Game ID: 28 GOL1: 1 GOL2: 1 PEN1: null PEN2: null
Player ID: 0299376 Jugador: Ana Marin  Game ID: 29 GOL1: 2 GOL2: 0 PEN1: null PEN2: null
Player ID: 0299376 Jugador: Ana Marin  Game ID: 30 GOL1: 1 GOL2: 3 PEN1: null PEN2: null
Player ID: 0299376 Jugador: Ana Marin  Game ID: 31 GOL1: 3 GOL2: 0 PEN1: null PEN2: null
Player ID: 0299376 Jugador: Ana Marin  Game ID: 32 GOL1: 1 GOL2: 2 PEN1: null PEN2: null
Player ID: 0299376 Jugador: Ana Marin  Game ID: 33 GOL1: 2 GOL2: 1 PEN1: null PEN2: null
Player ID: 0299376 Jugador: Ana Marin  Game ID: 34 GOL1: 3 GOL2: 2 PEN1: null PEN2: null
Player ID: 0299376 Jugador: Ana Marin  Game ID: 35 GOL1: 2 GOL2: 0 PEN1: null PEN2: null
Player ID: 0299376 Jugador: Ana Marin  Game ID: 36 GOL1: 0 GOL2: 3 PEN1: null PEN2: null
Player ID: 0299376 Jugador: Ana Marin  Game ID: 37 GOL1: 3 GOL2: 0 PEN1: null PEN2: null
Player ID: 0299376 Jugador: Ana Marin  Game ID: 38 GOL1: 2 GOL2: 0 PEN1: null PEN2: null
Player ID: 0299376 Jugador: Ana Marin  Game ID: 39 GOL1: 3 GOL2: 2 PEN1: null PEN2: null
Player ID: 0299376 Jugador: Ana Marin  Game ID: 40 GOL1: 2 GOL2: 2 PEN1: null PEN2: null
Player ID: 0299376 Jugador: Ana Marin  Game ID: 41 GOL1: 4 GOL2: 0 PEN1: null PEN2: null
Player ID: 0299376 Jugador: Ana Marin  Game ID: 42 GOL1: 5 GOL2: 0 PEN1: null PEN2: null
Player ID: 0299376 Jugador: Ana Marin  Game ID: 43 GOL1: 1 GOL2: 3 PEN1: null PEN2: null
Player ID: 0299376 Jugador: Ana Marin  Game ID: 44 GOL1: 1 GOL2: 1 PEN1: null PEN2: null
Player ID: 0299376 Jugador: Ana Marin  Game ID: 45 GOL1: 3 GOL2: 1 PEN1: null PEN2: null
Player ID: 0299376 Jugador: Ana Marin  Game ID: 46 GOL1: 3 GOL2: 2 PEN1: null PEN2: null
Player ID: 0299376 Jugador: Ana Marin  Game ID: 47 GOL1: 0 GOL2: 3 PEN1: null PEN2: null
Player ID: 0299376 Jugador: Ana Marin  Game ID: 48 GOL1: 2 GOL2: 1 PEN1: null PEN2: null
Player ID: 0299376 Jugador: Ana Marin  Game ID: 49 GOL1: 1 GOL2: 1 PEN1: null PEN2: null
Player ID: 0299376 Jugador: Ana Marin  Game ID: 50 GOL1: 2 GOL2: 1 PEN1: null PEN2: null
Player ID: 0299376 Jugador: Ana Marin  Game ID: 51 GOL1: 3 GOL2: 0 PEN1: null PEN2: null
Player ID: 0299376 Jugador: Ana Marin  Game ID: 52 GOL1: 2 GOL2: 0 PEN1: null PEN2: null
Player ID: 0299376 Jugador: Ana Marin  Game ID: 53 GOL1: 1 GOL2: 3 PEN1: null PEN2: null
Player ID: 0299376 Jugador: Ana Marin  Game ID: 54 GOL1: 3 GOL2: 3 PEN1: null PEN2: null
Player ID: 0299376 Jugador: Ana Marin  Game ID: 55 GOL1: 0 GOL2: 3 PEN1: null PEN2: null
Player ID: 0299376 Jugador: Ana Marin  Game ID: 56 GOL1: 2 GOL2: 4 PEN1: null PEN2: null
Player ID: 0299376 Jugador: Ana Marin  Game ID: 57 GOL1: 3 GOL2: 1 PEN1: null PEN2: null
Player ID: 0299376 Jugador: Ana Marin  Game ID: 58 GOL1: 2 GOL2: 3 PEN1: null PEN2: null
Player ID: 0299376 Jugador: Ana Marin  Game ID: 59 GOL1: 0 GOL2: 2 PEN1: null PEN2: null
Player ID: 0299376 Jugador: Ana Marin  Game ID: 60 GOL1: 2 GOL2: 1 PEN1: null PEN2: null
Player ID: 0299376 Jugador: Ana Marin  Game ID: 61 GOL1: 0 GOL2: 3 PEN1: null PEN2: null
Player ID: 0299376 Jugador: Ana Marin  Game ID: 62 GOL1: 2 GOL2: 0 PEN1: null PEN2: null
Player ID: 0299376 Jugador: Ana Marin  Game ID: 63 GOL1: 2 GOL2: 0 PEN1: null PEN2: null
Player ID: 0299376 Jugador: Ana Marin  Game ID: 64 GOL1: 1 GOL2: 3 PEN1: null PEN2: null
Player ID: 0299376 Jugador: Ana Marin  Game ID: 65 GOL1: 1 GOL2: 1 PEN1: null PEN2: null
Player ID: 0299376 Jugador: Ana Marin  Game ID: 66 GOL1: 1 GOL2: 2 PEN1: null PEN2: null
Player ID: 0299376 Jugador: Ana Marin  Game ID: 67 GOL1: 0 GOL2: 3 PEN1: null PEN2: null
Player ID: 0299376 Jugador: Ana Marin  Game ID: 68 GOL1: 1 GOL2: 2 PEN1: null PEN2: null
Player ID: 0299376 Jugador: Ana Marin  Game ID: 69 GOL1: 1 GOL2: 3 PEN1: null PEN2: null
Player ID: 0299376 Jugador: Ana Marin  Game ID: 70 GOL1: 2 GOL2: 0 PEN1: null PEN2: null
Player ID: 0299376 Jugador: Ana Marin  Game ID: 71 GOL1: 2 GOL2: 2 PEN1: null PEN2: null
Player ID: 0299376 Jugador: Ana Marin  Game ID: 72 GOL1: 0 GOL2: 3 PEN1: null PEN2: null
[10-06-2026 @12:05:39] 
Player ID: 0808175 Jugador: Kari Game ID: 1 GOL1: 1 GOL2: 0 PEN1: null PEN2: null
Player ID: 0808175 Jugador: Kari Game ID: 2 GOL1: 1 GOL2: 2 PEN1: null PEN2: null
Player ID: 0808175 Jugador: Kari Game ID: 3 GOL1: 1 GOL2: 0 PEN1: null PEN2: null
Player ID: 0808175 Jugador: Kari Game ID: 4 GOL1: 1 GOL2: 1 PEN1: null PEN2: null
Player ID: 0808175 Jugador: Kari Game ID: 5 GOL1: 0 GOL2: 2 PEN1: null PEN2: null
Player ID: 0808175 Jugador: Kari Game ID: 6 GOL1: 3 GOL2: 1 PEN1: null PEN2: null
Player ID: 0808175 Jugador: Kari Game ID: 7 GOL1: 0 GOL2: 2 PEN1: null PEN2: null
Player ID: 0808175 Jugador: Kari Game ID: 8 GOL1: 2 GOL2: 0 PEN1: null PEN2: null
Player ID: 0808175 Jugador: Kari Game ID: 9 GOL1: 2 GOL2: 1 PEN1: null PEN2: null
Player ID: 0808175 Jugador: Kari Game ID: 10 GOL1: 2 GOL2: 1 PEN1: null PEN2: null
Player ID: 0808175 Jugador: Kari Game ID: 11 GOL1: 2 GOL2: 1 PEN1: null PEN2: null
Player ID: 0808175 Jugador: Kari Game ID: 12 GOL1: 1 GOL2: 0 PEN1: null PEN2: null
Player ID: 0808175 Jugador: Kari Game ID: 13 GOL1: 3 GOL2: 1 PEN1: null PEN2: null
Player ID: 0808175 Jugador: Kari Game ID: 14 GOL1: 2 GOL2: 0 PEN1: null PEN2: null
Player ID: 0808175 Jugador: Kari Game ID: 15 GOL1: 0 GOL2: 1 PEN1: null PEN2: null
Player ID: 0808175 Jugador: Kari Game ID: 16 GOL1: 1 GOL2: 2 PEN1: null PEN2: null
Player ID: 0808175 Jugador: Kari Game ID: 17 GOL1: 2 GOL2: 0 PEN1: null PEN2: null
Player ID: 0808175 Jugador: Kari Game ID: 18 GOL1: 0 GOL2: 2 PEN1: null PEN2: null
Player ID: 0808175 Jugador: Kari Game ID: 19 GOL1: 3 GOL2: 1 PEN1: null PEN2: null
Player ID: 0808175 Jugador: Kari Game ID: 20 GOL1: 1 GOL2: 1 PEN1: null PEN2: null
Player ID: 0808175 Jugador: Kari Game ID: 21 GOL1: 2 GOL2: 0 PEN1: null PEN2: null
Player ID: 0808175 Jugador: Kari Game ID: 22 GOL1: 1 GOL2: 2 PEN1: null PEN2: null
Player ID: 0808175 Jugador: Kari Game ID: 23 GOL1: 1 GOL2: 2 PEN1: null PEN2: null
Player ID: 0808175 Jugador: Kari Game ID: 24 GOL1: 0 GOL2: 1 PEN1: null PEN2: null
Player ID: 0808175 Jugador: Kari Game ID: 25 GOL1: 2 GOL2: 1 PEN1: null PEN2: null
Player ID: 0808175 Jugador: Kari Game ID: 26 GOL1: 1 GOL2: 0 PEN1: null PEN2: null
Player ID: 0808175 Jugador: Kari Game ID: 27 GOL1: 2 GOL2: 1 PEN1: null PEN2: null
Player ID: 0808175 Jugador: Kari Game ID: 28 GOL1: 1 GOL2: 0 PEN1: null PEN2: null
Player ID: 0808175 Jugador: Kari Game ID: 29 GOL1: 1 GOL2: 2 PEN1: null PEN2: null
Player ID: 0808175 Jugador: Kari Game ID: 30 GOL1: 2 GOL2: 0 PEN1: null PEN2: null
Player ID: 0808175 Jugador: Kari Game ID: 31 GOL1: 2 GOL2: 0 PEN1: null PEN2: null
Player ID: 0808175 Jugador: Kari Game ID: 32 GOL1: 1 GOL2: 2 PEN1: null PEN2: null
Player ID: 0808175 Jugador: Kari Game ID: 33 GOL1: 1 GOL2: 1 PEN1: null PEN2: null
Player ID: 0808175 Jugador: Kari Game ID: 34 GOL1: 3 GOL2: 1 PEN1: null PEN2: null
Player ID: 0808175 Jugador: Kari Game ID: 35 GOL1: 1 GOL2: 0 PEN1: null PEN2: null
Player ID: 0808175 Jugador: Kari Game ID: 36 GOL1: 0 GOL2: 1 PEN1: null PEN2: null
Player ID: 0808175 Jugador: Kari Game ID: 37 GOL1: 2 GOL2: 0 PEN1: null PEN2: null
Player ID: 0808175 Jugador: Kari Game ID: 38 GOL1: 1 GOL2: 0 PEN1: null PEN2: null
Player ID: 0808175 Jugador: Kari Game ID: 39 GOL1: 2 GOL2: 1 PEN1: null PEN2: null
Player ID: 0808175 Jugador: Kari Game ID: 40 GOL1: 1 GOL2: 0 PEN1: null PEN2: null
Player ID: 0808175 Jugador: Kari Game ID: 41 GOL1: 2 GOL2: 0 PEN1: null PEN2: null
Player ID: 0808175 Jugador: Kari Game ID: 42 GOL1: 1 GOL2: 0 PEN1: null PEN2: null
Player ID: 0808175 Jugador: Kari Game ID: 43 GOL1: 2 GOL2: 0 PEN1: null PEN2: null
Player ID: 0808175 Jugador: Kari Game ID: 44 GOL1: 1 GOL2: 0 PEN1: null PEN2: null
Player ID: 0808175 Jugador: Kari Game ID: 45 GOL1: 2 GOL2: 1 PEN1: null PEN2: null
Player ID: 0808175 Jugador: Kari Game ID: 46 GOL1: 1 GOL2: 0 PEN1: null PEN2: null
Player ID: 0808175 Jugador: Kari Game ID: 47 GOL1: 0 GOL2: 1 PEN1: null PEN2: null
Player ID: 0808175 Jugador: Kari Game ID: 48 GOL1: 1 GOL2: 0 PEN1: null PEN2: null
Player ID: 0808175 Jugador: Kari Game ID: 49 GOL1: 1 GOL2: 0 PEN1: null PEN2: null
Player ID: 0808175 Jugador: Kari Game ID: 50 GOL1: 2 GOL2: 1 PEN1: null PEN2: null
Player ID: 0808175 Jugador: Kari Game ID: 51 GOL1: 2 GOL2: 1 PEN1: null PEN2: null
Player ID: 0808175 Jugador: Kari Game ID: 52 GOL1: 1 GOL2: 0 PEN1: null PEN2: null
Player ID: 0808175 Jugador: Kari Game ID: 53 GOL1: 2 GOL2: 1 PEN1: null PEN2: null
Player ID: 0808175 Jugador: Kari Game ID: 54 GOL1: 1 GOL2: 1 PEN1: null PEN2: null
Player ID: 0808175 Jugador: Kari Game ID: 55 GOL1: 2 GOL2: 1 PEN1: null PEN2: null
Player ID: 0808175 Jugador: Kari Game ID: 56 GOL1: 1 GOL2: 2 PEN1: null PEN2: null
Player ID: 0808175 Jugador: Kari Game ID: 57 GOL1: 1 GOL2: 2 PEN1: null PEN2: null
Player ID: 0808175 Jugador: Kari Game ID: 58 GOL1: 0 GOL2: 1 PEN1: null PEN2: null
Player ID: 0808175 Jugador: Kari Game ID: 59 GOL1: 2 GOL2: 1 PEN1: null PEN2: null
Player ID: 0808175 Jugador: Kari Game ID: 60 GOL1: 1 GOL2: 0 PEN1: null PEN2: null
Player ID: 0808175 Jugador: Kari Game ID: 61 GOL1: 1 GOL2: 2 PEN1: null PEN2: null
Player ID: 0808175 Jugador: Kari Game ID: 62 GOL1: 1 GOL2: 0 PEN1: null PEN2: null
Player ID: 0808175 Jugador: Kari Game ID: 63 GOL1: 2 GOL2: 1 PEN1: null PEN2: null
Player ID: 0808175 Jugador: Kari Game ID: 64 GOL1: 1 GOL2: 3 PEN1: null PEN2: null
Player ID: 0808175 Jugador: Kari Game ID: 65 GOL1: 1 GOL2: 0 PEN1: null PEN2: null
Player ID: 0808175 Jugador: Kari Game ID: 66 GOL1: 2 GOL2: 3 PEN1: null PEN2: null
Player ID: 0808175 Jugador: Kari Game ID: 67 GOL1: 0 GOL2: 2 PEN1: null PEN2: null
Player ID: 0808175 Jugador: Kari Game ID: 68 GOL1: 2 GOL2: 0 PEN1: null PEN2: null
Player ID: 0808175 Jugador: Kari Game ID: 69 GOL1: 1 GOL2: 3 PEN1: null PEN2: null
Player ID: 0808175 Jugador: Kari Game ID: 70 GOL1: 1 GOL2: 0 PEN1: null PEN2: null
Player ID: 0808175 Jugador: Kari Game ID: 71 GOL1: 2 GOL2: 1 PEN1: null PEN2: null
Player ID: 0808175 Jugador: Kari Game ID: 72 GOL1: 0 GOL2: 3 PEN1: null PEN2: null
[10-06-2026 @13:29:24] 
Player ID: 0774603 Jugador: anitadommar@gmail.com Game ID: 1 GOL1: 3 GOL2: 1 PEN1: null PEN2: null
Player ID: 0774603 Jugador: anitadommar@gmail.com Game ID: 2 GOL1: 1 GOL2: 1 PEN1: null PEN2: null
Player ID: 0774603 Jugador: anitadommar@gmail.com Game ID: 3 GOL1: 2 GOL2: 1 PEN1: null PEN2: null
Player ID: 0774603 Jugador: anitadommar@gmail.com Game ID: 4 GOL1: 3 GOL2: 0 PEN1: null PEN2: null
Player ID: 0774603 Jugador: anitadommar@gmail.com Game ID: 5 GOL1: 3 GOL2: 3 PEN1: null PEN2: null
Player ID: 0774603 Jugador: anitadommar@gmail.com Game ID: 6 GOL1: 3 GOL2: 1 PEN1: null PEN2: null
Player ID: 0774603 Jugador: anitadommar@gmail.com Game ID: 7 GOL1: 2 GOL2: 4 PEN1: null PEN2: null
Player ID: 0774603 Jugador: anitadommar@gmail.com Game ID: 8 GOL1: 1 GOL2: 1 PEN1: null PEN2: null
Player ID: 0774603 Jugador: anitadommar@gmail.com Game ID: 9 GOL1: 4 GOL2: 3 PEN1: null PEN2: null
Player ID: 0774603 Jugador: anitadommar@gmail.com Game ID: 10 GOL1: 2 GOL2: 4 PEN1: null PEN2: null
Player ID: 0774603 Jugador: anitadommar@gmail.com Game ID: 11 GOL1: 0 GOL2: 1 PEN1: null PEN2: null
Player ID: 0774603 Jugador: anitadommar@gmail.com Game ID: 12 GOL1: 2 GOL2: 1 PEN1: null PEN2: null
Player ID: 0774603 Jugador: anitadommar@gmail.com Game ID: 13 GOL1: 3 GOL2: 1 PEN1: null PEN2: null
Player ID: 0774603 Jugador: anitadommar@gmail.com Game ID: 14 GOL1: 3 GOL2: 1 PEN1: null PEN2: null
Player ID: 0774603 Jugador: anitadommar@gmail.com Game ID: 15 GOL1: 2 GOL2: 4 PEN1: null PEN2: null
Player ID: 0774603 Jugador: anitadommar@gmail.com Game ID: 16 GOL1: 2 GOL2: 1 PEN1: null PEN2: null
Player ID: 0774603 Jugador: anitadommar@gmail.com Game ID: 17 GOL1: 4 GOL2: 0 PEN1: null PEN2: null
Player ID: 0774603 Jugador: anitadommar@gmail.com Game ID: 18 GOL1: 2 GOL2: 1 PEN1: null PEN2: null
Player ID: 0774603 Jugador: anitadommar@gmail.com Game ID: 19 GOL1: 4 GOL2: 1 PEN1: null PEN2: null
Player ID: 0774603 Jugador: anitadommar@gmail.com Game ID: 20 GOL1: 2 GOL2: 2 PEN1: null PEN2: null
Player ID: 0774603 Jugador: anitadommar@gmail.com Game ID: 21 GOL1: 3 GOL2: 1 PEN1: null PEN2: null
Player ID: 0774603 Jugador: anitadommar@gmail.com Game ID: 22 GOL1: 4 GOL2: 4 PEN1: null PEN2: null
Player ID: 0774603 Jugador: anitadommar@gmail.com Game ID: 23 GOL1: 3 GOL2: 4 PEN1: null PEN2: null
Player ID: 0774603 Jugador: anitadommar@gmail.com Game ID: 24 GOL1: 1 GOL2: 4 PEN1: null PEN2: null
Player ID: 0774603 Jugador: anitadommar@gmail.com Game ID: 25 GOL1: 2 GOL2: 4 PEN1: null PEN2: null
Player ID: 0774603 Jugador: anitadommar@gmail.com Game ID: 26 GOL1: 2 GOL2: 1 PEN1: null PEN2: null
Player ID: 0774603 Jugador: anitadommar@gmail.com Game ID: 27 GOL1: 4 GOL2: 4 PEN1: null PEN2: null
Player ID: 0774603 Jugador: anitadommar@gmail.com Game ID: 28 GOL1: 3 GOL2: 2 PEN1: null PEN2: null
Player ID: 0774603 Jugador: anitadommar@gmail.com Game ID: 29 GOL1: 2 GOL2: 1 PEN1: null PEN2: null
Player ID: 0774603 Jugador: anitadommar@gmail.com Game ID: 30 GOL1: 2 GOL2: 1 PEN1: null PEN2: null
Player ID: 0774603 Jugador: anitadommar@gmail.com Game ID: 31 GOL1: 4 GOL2: 0 PEN1: null PEN2: null
Player ID: 0774603 Jugador: anitadommar@gmail.com Game ID: 32 GOL1: 1 GOL2: 4 PEN1: null PEN2: null
Player ID: 0774603 Jugador: anitadommar@gmail.com Game ID: 33 GOL1: 2 GOL2: 1 PEN1: null PEN2: null
Player ID: 0774603 Jugador: anitadommar@gmail.com Game ID: 34 GOL1: 4 GOL2: 1 PEN1: null PEN2: null
Player ID: 0774603 Jugador: anitadommar@gmail.com Game ID: 35 GOL1: 3 GOL2: 1 PEN1: null PEN2: null
Player ID: 0774603 Jugador: anitadommar@gmail.com Game ID: 36 GOL1: 2 GOL2: 2 PEN1: null PEN2: null
Player ID: 0774603 Jugador: anitadommar@gmail.com Game ID: 37 GOL1: 4 GOL2: 9 PEN1: null PEN2: null
Player ID: 0774603 Jugador: anitadommar@gmail.com Game ID: 38 GOL1: 2 GOL2: 1 PEN1: null PEN2: null
Player ID: 0774603 Jugador: anitadommar@gmail.com Game ID: 39 GOL1: 4 GOL2: 1 PEN1: null PEN2: null
Player ID: 0774603 Jugador: anitadommar@gmail.com Game ID: 40 GOL1: 2 GOL2: 1 PEN1: null PEN2: null
Player ID: 0774603 Jugador: anitadommar@gmail.com Game ID: 41 GOL1: 4 GOL2: 1 PEN1: null PEN2: null
Player ID: 0774603 Jugador: anitadommar@gmail.com Game ID: 42 GOL1: 4 GOL2: 0 PEN1: null PEN2: null
Player ID: 0774603 Jugador: anitadommar@gmail.com Game ID: 43 GOL1: 3 GOL2: 1 PEN1: null PEN2: null
Player ID: 0774603 Jugador: anitadommar@gmail.com Game ID: 44 GOL1: 3 GOL2: 0 PEN1: null PEN2: null
Player ID: 0774603 Jugador: anitadommar@gmail.com Game ID: 45 GOL1: 4 GOL2: 1 PEN1: null PEN2: null
Player ID: 0774603 Jugador: anitadommar@gmail.com Game ID: 46 GOL1: 4 GOL2: 2 PEN1: null PEN2: null
Player ID: 0774603 Jugador: anitadommar@gmail.com Game ID: 47 GOL1: 3 GOL2: 1 PEN1: null PEN2: null
Player ID: 0774603 Jugador: anitadommar@gmail.com Game ID: 48 GOL1: 4 GOL2: 1 PEN1: null PEN2: null
Player ID: 0774603 Jugador: anitadommar@gmail.com Game ID: 49 GOL1: 2 GOL2: 2 PEN1: null PEN2: null
Player ID: 0774603 Jugador: anitadommar@gmail.com Game ID: 50 GOL1: 1 GOL2: 3 PEN1: null PEN2: null
Player ID: 0774603 Jugador: anitadommar@gmail.com Game ID: 51 GOL1: 4 GOL2: 1 PEN1: null PEN2: null
Player ID: 0774603 Jugador: anitadommar@gmail.com Game ID: 52 GOL1: 3 GOL2: 1 PEN1: null PEN2: null
Player ID: 0774603 Jugador: anitadommar@gmail.com Game ID: 53 GOL1: 3 GOL2: 4 PEN1: null PEN2: null
Player ID: 0774603 Jugador: anitadommar@gmail.com Game ID: 54 GOL1: 2 GOL2: 3 PEN1: null PEN2: null
Player ID: 0774603 Jugador: anitadommar@gmail.com Game ID: 55 GOL1: 1 GOL2: 1 PEN1: null PEN2: null
Player ID: 0774603 Jugador: anitadommar@gmail.com Game ID: 56 GOL1: 2 GOL2: 4 PEN1: null PEN2: null
Player ID: 0774603 Jugador: anitadommar@gmail.com Game ID: 57 GOL1: 4 GOL2: 4 PEN1: null PEN2: null
Player ID: 0774603 Jugador: anitadommar@gmail.com Game ID: 58 GOL1: 2 GOL2: 1 PEN1: null PEN2: null
Player ID: 0774603 Jugador: anitadommar@gmail.com Game ID: 59 GOL1: 3 GOL2: 4 PEN1: null PEN2: null
Player ID: 0774603 Jugador: anitadommar@gmail.com Game ID: 60 GOL1: 3 GOL2: 1 PEN1: null PEN2: null
Player ID: 0774603 Jugador: anitadommar@gmail.com Game ID: 61 GOL1: 2 GOL2: 4 PEN1: null PEN2: null
Player ID: 0774603 Jugador: anitadommar@gmail.com Game ID: 62 GOL1: 2 GOL2: 3 PEN1: null PEN2: null
Player ID: 0774603 Jugador: anitadommar@gmail.com Game ID: 63 GOL1: 2 GOL2: 1 PEN1: null PEN2: null
Player ID: 0774603 Jugador: anitadommar@gmail.com Game ID: 64 GOL1: 4 GOL2: 4 PEN1: null PEN2: null
Player ID: 0774603 Jugador: anitadommar@gmail.com Game ID: 65 GOL1: 3 GOL2: 1 PEN1: null PEN2: null
Player ID: 0774603 Jugador: anitadommar@gmail.com Game ID: 66 GOL1: 3 GOL2: 0 PEN1: null PEN2: null
Player ID: 0774603 Jugador: anitadommar@gmail.com Game ID: 67 GOL1: 3 GOL2: 4 PEN1: null PEN2: null
Player ID: 0774603 Jugador: anitadommar@gmail.com Game ID: 68 GOL1: 3 GOL2: 1 PEN1: null PEN2: null
Player ID: 0774603 Jugador: anitadommar@gmail.com Game ID: 69 GOL1: 4 GOL2: 4 PEN1: null PEN2: null
Player ID: 0774603 Jugador: anitadommar@gmail.com Game ID: 70 GOL1: 2 GOL2: 0 PEN1: null PEN2: null
Player ID: 0774603 Jugador: anitadommar@gmail.com Game ID: 71 GOL1: 2 GOL2: 1 PEN1: null PEN2: null
Player ID: 0774603 Jugador: anitadommar@gmail.com Game ID: 72 GOL1: 1 GOL2: 4 PEN1: null PEN2: null
[10-06-2026 @13:43:44] 
Player ID: 0562150 Jugador: Lilinma Game ID: 1 GOL1: 1 GOL2: 0 PEN1: null PEN2: null
Player ID: 0562150 Jugador: Lilinma Game ID: 2 GOL1: 1 GOL2: 1 PEN1: null PEN2: null
Player ID: 0562150 Jugador: Lilinma Game ID: 3 GOL1: 2 GOL2: 0 PEN1: null PEN2: null
Player ID: 0562150 Jugador: Lilinma Game ID: 4 GOL1: 2 GOL2: 1 PEN1: null PEN2: null
Player ID: 0562150 Jugador: Lilinma Game ID: 5 GOL1: 1 GOL2: 1 PEN1: null PEN2: null
Player ID: 0562150 Jugador: Lilinma Game ID: 6 GOL1: 3 GOL2: 0 PEN1: null PEN2: null
Player ID: 0562150 Jugador: Lilinma Game ID: 7 GOL1: 0 GOL2: 1 PEN1: null PEN2: null
Player ID: 0562150 Jugador: Lilinma Game ID: 8 GOL1: 1 GOL2: 2 PEN1: null PEN2: null
Player ID: 0562150 Jugador: Lilinma Game ID: 9 GOL1: 2 GOL2: 0 PEN1: null PEN2: null
Player ID: 0562150 Jugador: Lilinma Game ID: 10 GOL1: 1 GOL2: 2 PEN1: null PEN2: null
Player ID: 0562150 Jugador: Lilinma Game ID: 11 GOL1: 1 GOL2: 1 PEN1: null PEN2: null
Player ID: 0562150 Jugador: Lilinma Game ID: 12 GOL1: 2 GOL2: 1 PEN1: null PEN2: null
Player ID: 0562150 Jugador: Lilinma Game ID: 13 GOL1: 2 GOL2: 0 PEN1: null PEN2: null
Player ID: 0562150 Jugador: Lilinma Game ID: 14 GOL1: 2 GOL2: 1 PEN1: null PEN2: null
Player ID: 0562150 Jugador: Lilinma Game ID: 15 GOL1: 1 GOL2: 1 PEN1: null PEN2: null
Player ID: 0562150 Jugador: Lilinma Game ID: 16 GOL1: 1 GOL2: 1 PEN1: null PEN2: null
Player ID: 0562150 Jugador: Lilinma Game ID: 17 GOL1: 1 GOL2: 0 PEN1: null PEN2: null
Player ID: 0562150 Jugador: Lilinma Game ID: 18 GOL1: 0 GOL2: 1 PEN1: null PEN2: null
Player ID: 0562150 Jugador: Lilinma Game ID: 19 GOL1: 2 GOL2: 0 PEN1: null PEN2: null
Player ID: 0562150 Jugador: Lilinma Game ID: 20 GOL1: 0 GOL2: 1 PEN1: null PEN2: null
Player ID: 0562150 Jugador: Lilinma Game ID: 21 GOL1: 2 GOL2: 1 PEN1: null PEN2: null
Player ID: 0562150 Jugador: Lilinma Game ID: 22 GOL1: 1 GOL2: 2 PEN1: null PEN2: null
Player ID: 0562150 Jugador: Lilinma Game ID: 23 GOL1: 0 GOL2: 0 PEN1: null PEN2: null
Player ID: 0562150 Jugador: Lilinma Game ID: 24 GOL1: 0 GOL2: 1 PEN1: null PEN2: null
Player ID: 0562150 Jugador: Lilinma Game ID: 25 GOL1: 2 GOL2: 1 PEN1: null PEN2: null
Player ID: 0562150 Jugador: Lilinma Game ID: 26 GOL1: 1 GOL2: 0 PEN1: null PEN2: null
Player ID: 0562150 Jugador: Lilinma Game ID: 27 GOL1: 1 GOL2: 1 PEN1: null PEN2: null
Player ID: 0562150 Jugador: Lilinma Game ID: 28 GOL1: 1 GOL2: 0 PEN1: null PEN2: null
Player ID: 0562150 Jugador: Lilinma Game ID: 29 GOL1: 1 GOL2: 0 PEN1: null PEN2: null
Player ID: 0562150 Jugador: Lilinma Game ID: 30 GOL1: 2 GOL2: 1 PEN1: null PEN2: null
Player ID: 0562150 Jugador: Lilinma Game ID: 31 GOL1: 3 GOL2: 1 PEN1: null PEN2: null
Player ID: 0562150 Jugador: Lilinma Game ID: 32 GOL1: 1 GOL2: 1 PEN1: null PEN2: null
Player ID: 0562150 Jugador: Lilinma Game ID: 33 GOL1: 2 GOL2: 1 PEN1: null PEN2: null
Player ID: 0562150 Jugador: Lilinma Game ID: 34 GOL1: 1 GOL2: 0 PEN1: null PEN2: null
Player ID: 0562150 Jugador: Lilinma Game ID: 35 GOL1: 1 GOL2: 0 PEN1: null PEN2: null
Player ID: 0562150 Jugador: Lilinma Game ID: 36 GOL1: 0 GOL2: 1 PEN1: null PEN2: null
Player ID: 0562150 Jugador: Lilinma Game ID: 37 GOL1: 2 GOL2: 1 PEN1: null PEN2: null
Player ID: 0562150 Jugador: Lilinma Game ID: 38 GOL1: 2 GOL2: 0 PEN1: null PEN2: null
Player ID: 0562150 Jugador: Lilinma Game ID: 39 GOL1: 1 GOL2: 0 PEN1: null PEN2: null
Player ID: 0562150 Jugador: Lilinma Game ID: 40 GOL1: 1 GOL2: 1 PEN1: null PEN2: null
Player ID: 0562150 Jugador: Lilinma Game ID: 41 GOL1: 2 GOL2: 0 PEN1: null PEN2: null
Player ID: 0562150 Jugador: Lilinma Game ID: 42 GOL1: 2 GOL2: 0 PEN1: null PEN2: null
Player ID: 0562150 Jugador: Lilinma Game ID: 43 GOL1: 1 GOL2: 2 PEN1: null PEN2: null
Player ID: 0562150 Jugador: Lilinma Game ID: 44 GOL1: 0 GOL2: 1 PEN1: null PEN2: null
Player ID: 0562150 Jugador: Lilinma Game ID: 45 GOL1: 2 GOL2: 0 PEN1: null PEN2: null
Player ID: 0562150 Jugador: Lilinma Game ID: 46 GOL1: 2 GOL2: 1 PEN1: null PEN2: null
Player ID: 0562150 Jugador: Lilinma Game ID: 47 GOL1: 0 GOL2: 2 PEN1: null PEN2: null
Player ID: 0562150 Jugador: Lilinma Game ID: 48 GOL1: 1 GOL2: 0 PEN1: null PEN2: null
Player ID: 0562150 Jugador: Lilinma Game ID: 49 GOL1: 1 GOL2: 1 PEN1: null PEN2: null
Player ID: 0562150 Jugador: Lilinma Game ID: 50 GOL1: 0 GOL2: 1 PEN1: null PEN2: null
Player ID: 0562150 Jugador: Lilinma Game ID: 51 GOL1: 2 GOL2: 1 PEN1: null PEN2: null
Player ID: 0562150 Jugador: Lilinma Game ID: 52 GOL1: 1 GOL2: 0 PEN1: null PEN2: null
Player ID: 0562150 Jugador: Lilinma Game ID: 53 GOL1: 2 GOL2: 1 PEN1: null PEN2: null
Player ID: 0562150 Jugador: Lilinma Game ID: 54 GOL1: 1 GOL2: 2 PEN1: null PEN2: null
Player ID: 0562150 Jugador: Lilinma Game ID: 55 GOL1: 1 GOL2: 0 PEN1: null PEN2: null
Player ID: 0562150 Jugador: Lilinma Game ID: 56 GOL1: 0 GOL2: 1 PEN1: null PEN2: null
Player ID: 0562150 Jugador: Lilinma Game ID: 57 GOL1: 2 GOL2: 1 PEN1: null PEN2: null
Player ID: 0562150 Jugador: Lilinma Game ID: 58 GOL1: 1 GOL2: 2 PEN1: null PEN2: null
Player ID: 0562150 Jugador: Lilinma Game ID: 59 GOL1: 0 GOL2: 1 PEN1: null PEN2: null
Player ID: 0562150 Jugador: Lilinma Game ID: 60 GOL1: 1 GOL2: 0 PEN1: null PEN2: null
Player ID: 0562150 Jugador: Lilinma Game ID: 61 GOL1: 0 GOL2: 1 PEN1: null PEN2: null
Player ID: 0562150 Jugador: Lilinma Game ID: 62 GOL1: 2 GOL2: 0 PEN1: null PEN2: null
Player ID: 0562150 Jugador: Lilinma Game ID: 63 GOL1: 0 GOL2: 1 PEN1: null PEN2: null
Player ID: 0562150 Jugador: Lilinma Game ID: 64 GOL1: 1 GOL2: 2 PEN1: null PEN2: null
Player ID: 0562150 Jugador: Lilinma Game ID: 65 GOL1: 1 GOL2: 0 PEN1: null PEN2: null
Player ID: 0562150 Jugador: Lilinma Game ID: 66 GOL1: 0 GOL2: 2 PEN1: null PEN2: null
Player ID: 0562150 Jugador: Lilinma Game ID: 67 GOL1: 0 GOL2: 2 PEN1: null PEN2: null
Player ID: 0562150 Jugador: Lilinma Game ID: 68 GOL1: 2 GOL2: 0 PEN1: null PEN2: null
Player ID: 0562150 Jugador: Lilinma Game ID: 69 GOL1: 1 GOL2: 2 PEN1: null PEN2: null
Player ID: 0562150 Jugador: Lilinma Game ID: 70 GOL1: 1 GOL2: 0 PEN1: null PEN2: null
Player ID: 0562150 Jugador: Lilinma Game ID: 71 GOL1: 0 GOL2: 0 PEN1: null PEN2: null
Player ID: 0562150 Jugador: Lilinma Game ID: 72 GOL1: 0 GOL2: 1 PEN1: null PEN2: null
[10-06-2026 @14:41:33] 
Player ID: 0800542 Jugador: César, esposo Game ID: 1 GOL1: 3 GOL2: 1 PEN1: null PEN2: null
Player ID: 0800542 Jugador: César, esposo Game ID: 2 GOL1: 2 GOL2: 2 PEN1: null PEN2: null
Player ID: 0800542 Jugador: César, esposo Game ID: 3 GOL1: 2 GOL2: 0 PEN1: null PEN2: null
Player ID: 0800542 Jugador: César, esposo Game ID: 4 GOL1: 2 GOL2: 2 PEN1: null PEN2: null
Player ID: 0800542 Jugador: César, esposo Game ID: 5 GOL1: 0 GOL2: 3 PEN1: null PEN2: null
Player ID: 0800542 Jugador: César, esposo Game ID: 6 GOL1: 4 GOL2: 1 PEN1: null PEN2: null
Player ID: 0800542 Jugador: César, esposo Game ID: 7 GOL1: 0 GOL2: 5 PEN1: null PEN2: null
Player ID: 0800542 Jugador: César, esposo Game ID: 8 GOL1: 3 GOL2: 1 PEN1: null PEN2: null
Player ID: 0800542 Jugador: César, esposo Game ID: 9 GOL1: 4 GOL2: 1 PEN1: null PEN2: null
Player ID: 0800542 Jugador: César, esposo Game ID: 10 GOL1: 3 GOL2: 1 PEN1: null PEN2: null
Player ID: 0800542 Jugador: César, esposo Game ID: 11 GOL1: 0 GOL2: 3 PEN1: null PEN2: null
Player ID: 0800542 Jugador: César, esposo Game ID: 12 GOL1: 1 GOL2: 1 PEN1: null PEN2: null
Player ID: 0800542 Jugador: César, esposo Game ID: 13 GOL1: 4 GOL2: 0 PEN1: null PEN2: null
Player ID: 0800542 Jugador: César, esposo Game ID: 14 GOL1: 3 GOL2: 1 PEN1: null PEN2: null
Player ID: 0800542 Jugador: César, esposo Game ID: 15 GOL1: 0 GOL2: 3 PEN1: null PEN2: null
Player ID: 0800542 Jugador: César, esposo Game ID: 16 GOL1: 2 GOL2: 2 PEN1: null PEN2: null
Player ID: 0800542 Jugador: César, esposo Game ID: 17 GOL1: 4 GOL2: 0 PEN1: null PEN2: null
Player ID: 0800542 Jugador: César, esposo Game ID: 18 GOL1: 1 GOL2: 3 PEN1: null PEN2: null
Player ID: 0800542 Jugador: César, esposo Game ID: 19 GOL1: 4 GOL2: 0 PEN1: null PEN2: null
Player ID: 0800542 Jugador: César, esposo Game ID: 20 GOL1: 3 GOL2: 0 PEN1: null PEN2: null
Player ID: 0800542 Jugador: César, esposo Game ID: 21 GOL1: 4 GOL2: 0 PEN1: null PEN2: null
Player ID: 0800542 Jugador: César, esposo Game ID: 22 GOL1: 2 GOL2: 1 PEN1: null PEN2: null
Player ID: 0800542 Jugador: César, esposo Game ID: 23 GOL1: 2 GOL2: 3 PEN1: null PEN2: null
Player ID: 0800542 Jugador: César, esposo Game ID: 24 GOL1: 2 GOL2: 3 PEN1: null PEN2: null
Player ID: 0800542 Jugador: César, esposo Game ID: 25 GOL1: 3 GOL2: 1 PEN1: null PEN2: null
Player ID: 0800542 Jugador: César, esposo Game ID: 26 GOL1: 3 GOL2: 0 PEN1: null PEN2: null
Player ID: 0800542 Jugador: César, esposo Game ID: 27 GOL1: 2 GOL2: 0 PEN1: null PEN2: null
Player ID: 0800542 Jugador: César, esposo Game ID: 28 GOL1: 2 GOL2: 1 PEN1: null PEN2: null
Player ID: 0800542 Jugador: César, esposo Game ID: 29 GOL1: 4 GOL2: 2 PEN1: null PEN2: null
Player ID: 0800542 Jugador: César, esposo Game ID: 30 GOL1: 0 GOL2: 2 PEN1: null PEN2: null
Player ID: 0800542 Jugador: César, esposo Game ID: 31 GOL1: 4 GOL2: 0 PEN1: null PEN2: null
Player ID: 0800542 Jugador: César, esposo Game ID: 32 GOL1: 1 GOL2: 3 PEN1: null PEN2: null
Player ID: 0800542 Jugador: César, esposo Game ID: 33 GOL1: 2 GOL2: 2 PEN1: null PEN2: null
Player ID: 0800542 Jugador: César, esposo Game ID: 34 GOL1: 3 GOL2: 0 PEN1: null PEN2: null
Player ID: 0800542 Jugador: César, esposo Game ID: 35 GOL1: 4 GOL2: 1 PEN1: null PEN2: null
Player ID: 0800542 Jugador: César, esposo Game ID: 36 GOL1: 1 GOL2: 3 PEN1: null PEN2: null
Player ID: 0800542 Jugador: César, esposo Game ID: 37 GOL1: 4 GOL2: 0 PEN1: null PEN2: null
Player ID: 0800542 Jugador: César, esposo Game ID: 38 GOL1: 3 GOL2: 1 PEN1: null PEN2: null
Player ID: 0800542 Jugador: César, esposo Game ID: 39 GOL1: 3 GOL2: 1 PEN1: null PEN2: null
Player ID: 0800542 Jugador: César, esposo Game ID: 40 GOL1: 2 GOL2: 2 PEN1: null PEN2: null
Player ID: 0800542 Jugador: César, esposo Game ID: 41 GOL1: 3 GOL2: 2 PEN1: null PEN2: null
Player ID: 0800542 Jugador: César, esposo Game ID: 42 GOL1: 4 GOL2: 0 PEN1: null PEN2: null
Player ID: 0800542 Jugador: César, esposo Game ID: 43 GOL1: 2 GOL2: 0 PEN1: null PEN2: null
Player ID: 0800542 Jugador: César, esposo Game ID: 44 GOL1: 2 GOL2: 2 PEN1: null PEN2: null
Player ID: 0800542 Jugador: César, esposo Game ID: 45 GOL1: 3 GOL2: 1 PEN1: null PEN2: null
Player ID: 0800542 Jugador: César, esposo Game ID: 46 GOL1: 5 GOL2: 2 PEN1: null PEN2: null
Player ID: 0800542 Jugador: César, esposo Game ID: 47 GOL1: 1 GOL2: 4 PEN1: null PEN2: null
Player ID: 0800542 Jugador: César, esposo Game ID: 48 GOL1: 4 GOL2: 1 PEN1: null PEN2: null
Player ID: 0800542 Jugador: César, esposo Game ID: 49 GOL1: 3 GOL2: 1 PEN1: null PEN2: null
Player ID: 0800542 Jugador: César, esposo Game ID: 50 GOL1: 0 GOL2: 2 PEN1: null PEN2: null
Player ID: 0800542 Jugador: César, esposo Game ID: 51 GOL1: 3 GOL2: 1 PEN1: null PEN2: null
Player ID: 0800542 Jugador: César, esposo Game ID: 52 GOL1: 2 GOL2: 2 PEN1: null PEN2: null
Player ID: 0800542 Jugador: César, esposo Game ID: 53 GOL1: 1 GOL2: 1 PEN1: null PEN2: null
Player ID: 0800542 Jugador: César, esposo Game ID: 54 GOL1: 0 GOL2: 2 PEN1: null PEN2: null
Player ID: 0800542 Jugador: César, esposo Game ID: 55 GOL1: 1 GOL2: 1 PEN1: null PEN2: null
Player ID: 0800542 Jugador: César, esposo Game ID: 56 GOL1: 1 GOL2: 2 PEN1: null PEN2: null
Player ID: 0800542 Jugador: César, esposo Game ID: 57 GOL1: 3 GOL2: 2 PEN1: null PEN2: null
Player ID: 0800542 Jugador: César, esposo Game ID: 58 GOL1: 2 GOL2: 2 PEN1: null PEN2: null
Player ID: 0800542 Jugador: César, esposo Game ID: 59 GOL1: 1 GOL2: 3 PEN1: null PEN2: null
Player ID: 0800542 Jugador: César, esposo Game ID: 60 GOL1: 3 GOL2: 2 PEN1: null PEN2: null
Player ID: 0800542 Jugador: César, esposo Game ID: 61 GOL1: 1 GOL2: 3 PEN1: null PEN2: null
Player ID: 0800542 Jugador: César, esposo Game ID: 62 GOL1: 2 GOL2: 2 PEN1: null PEN2: null
Player ID: 0800542 Jugador: César, esposo Game ID: 63 GOL1: 0 GOL2: 0 PEN1: null PEN2: null
Player ID: 0800542 Jugador: César, esposo Game ID: 64 GOL1: 2 GOL2: 3 PEN1: null PEN2: null
Player ID: 0800542 Jugador: César, esposo Game ID: 65 GOL1: 2 GOL2: 2 PEN1: null PEN2: null
Player ID: 0800542 Jugador: César, esposo Game ID: 66 GOL1: 1 GOL2: 3 PEN1: null PEN2: null
Player ID: 0800542 Jugador: César, esposo Game ID: 67 GOL1: 1 GOL2: 4 PEN1: null PEN2: null
Player ID: 0800542 Jugador: César, esposo Game ID: 68 GOL1: 4 GOL2: 2 PEN1: null PEN2: null
Player ID: 0800542 Jugador: César, esposo Game ID: 69 GOL1: 2 GOL2: 2 PEN1: null PEN2: null
Player ID: 0800542 Jugador: César, esposo Game ID: 70 GOL1: 1 GOL2: 1 PEN1: null PEN2: null
Player ID: 0800542 Jugador: César, esposo Game ID: 71 GOL1: 1 GOL2: 3 PEN1: null PEN2: null
Player ID: 0800542 Jugador: César, esposo Game ID: 72 GOL1: 2 GOL2: 5 PEN1: null PEN2: null
[10-06-2026 @19:22:43] 
Player ID: 0854937 Jugador: Sebastián  Game ID: 1 GOL1: 1 GOL2: 0 PEN1: null PEN2: null
Player ID: 0854937 Jugador: Sebastián  Game ID: 2 GOL1: 1 GOL2: 0 PEN1: null PEN2: null
Player ID: 0854937 Jugador: Sebastián  Game ID: 3 GOL1: 2 GOL2: 0 PEN1: null PEN2: null
Player ID: 0854937 Jugador: Sebastián  Game ID: 4 GOL1: 1 GOL2: 2 PEN1: null PEN2: null
Player ID: 0854937 Jugador: Sebastián  Game ID: 5 GOL1: 0 GOL2: 2 PEN1: null PEN2: null
Player ID: 0854937 Jugador: Sebastián  Game ID: 6 GOL1: 1 GOL2: 1 PEN1: null PEN2: null
Player ID: 0854937 Jugador: Sebastián  Game ID: 7 GOL1: 0 GOL2: 1 PEN1: null PEN2: null
Player ID: 0854937 Jugador: Sebastián  Game ID: 8 GOL1: 0 GOL2: 2 PEN1: null PEN2: null
Player ID: 0854937 Jugador: Sebastián  Game ID: 9 GOL1: 3 GOL2: 0 PEN1: null PEN2: null
Player ID: 0854937 Jugador: Sebastián  Game ID: 10 GOL1: 1 GOL2: 0 PEN1: null PEN2: null
Player ID: 0854937 Jugador: Sebastián  Game ID: 11 GOL1: 1 GOL2: 1 PEN1: null PEN2: null
Player ID: 0854937 Jugador: Sebastián  Game ID: 12 GOL1: 1 GOL2: 0 PEN1: null PEN2: null
Player ID: 0854937 Jugador: Sebastián  Game ID: 13 GOL1: 4 GOL2: 0 PEN1: null PEN2: null
Player ID: 0854937 Jugador: Sebastián  Game ID: 14 GOL1: 2 GOL2: 0 PEN1: null PEN2: null
Player ID: 0854937 Jugador: Sebastián  Game ID: 15 GOL1: 0 GOL2: 1 PEN1: null PEN2: null
Player ID: 0854937 Jugador: Sebastián  Game ID: 16 GOL1: 1 GOL2: 1 PEN1: null PEN2: null
Player ID: 0854937 Jugador: Sebastián  Game ID: 17 GOL1: 4 GOL2: 1 PEN1: null PEN2: null
Player ID: 0854937 Jugador: Sebastián  Game ID: 18 GOL1: 1 GOL2: 3 PEN1: null PEN2: null
Player ID: 0854937 Jugador: Sebastián  Game ID: 19 GOL1: 3 GOL2: 0 PEN1: null PEN2: null
Player ID: 0854937 Jugador: Sebastián  Game ID: 20 GOL1: 0 GOL2: 0 PEN1: null PEN2: null
Player ID: 0854937 Jugador: Sebastián  Game ID: 21 GOL1: 3 GOL2: 1 PEN1: null PEN2: null
Player ID: 0854937 Jugador: Sebastián  Game ID: 22 GOL1: 3 GOL2: 2 PEN1: null PEN2: null
Player ID: 0854937 Jugador: Sebastián  Game ID: 23 GOL1: 1 GOL2: 0 PEN1: null PEN2: null
Player ID: 0854937 Jugador: Sebastián  Game ID: 24 GOL1: 0 GOL2: 1 PEN1: null PEN2: null
Player ID: 0854937 Jugador: Sebastián  Game ID: 25 GOL1: 1 GOL2: 1 PEN1: null PEN2: null
Player ID: 0854937 Jugador: Sebastián  Game ID: 26 GOL1: 1 GOL2: 0 PEN1: null PEN2: null
Player ID: 0854937 Jugador: Sebastián  Game ID: 27 GOL1: 2 GOL2: 0 PEN1: null PEN2: null
Player ID: 0854937 Jugador: Sebastián  Game ID: 28 GOL1: 1 GOL2: 2 PEN1: null PEN2: null
Player ID: 0854937 Jugador: Sebastián  Game ID: 29 GOL1: 1 GOL2: 0 PEN1: null PEN2: null
Player ID: 0854937 Jugador: Sebastián  Game ID: 30 GOL1: 1 GOL2: 3 PEN1: null PEN2: null
Player ID: 0854937 Jugador: Sebastián  Game ID: 31 GOL1: 2 GOL2: 0 PEN1: null PEN2: null
Player ID: 0854937 Jugador: Sebastián  Game ID: 32 GOL1: 2 GOL2: 1 PEN1: null PEN2: null
Player ID: 0854937 Jugador: Sebastián  Game ID: 33 GOL1: 2 GOL2: 0 PEN1: null PEN2: null
Player ID: 0854937 Jugador: Sebastián  Game ID: 34 GOL1: 3 GOL2: 0 PEN1: null PEN2: null
Player ID: 0854937 Jugador: Sebastián  Game ID: 35 GOL1: 2 GOL2: 1 PEN1: null PEN2: null
Player ID: 0854937 Jugador: Sebastián  Game ID: 36 GOL1: 0 GOL2: 2 PEN1: null PEN2: null
Player ID: 0854937 Jugador: Sebastián  Game ID: 37 GOL1: 3 GOL2: 0 PEN1: null PEN2: null
Player ID: 0854937 Jugador: Sebastián  Game ID: 38 GOL1: 2 GOL2: 0 PEN1: null PEN2: null
Player ID: 0854937 Jugador: Sebastián  Game ID: 39 GOL1: 2 GOL2: 1 PEN1: null PEN2: null
Player ID: 0854937 Jugador: Sebastián  Game ID: 40 GOL1: 1 GOL2: 2 PEN1: null PEN2: null
Player ID: 0854937 Jugador: Sebastián  Game ID: 41 GOL1: 3 GOL2: 1 PEN1: null PEN2: null
Player ID: 0854937 Jugador: Sebastián  Game ID: 42 GOL1: 4 GOL2: 1 PEN1: null PEN2: null
Player ID: 0854937 Jugador: Sebastián  Game ID: 43 GOL1: 3 GOL2: 1 PEN1: null PEN2: null
Player ID: 0854937 Jugador: Sebastián  Game ID: 44 GOL1: 0 GOL2: 1 PEN1: null PEN2: null
Player ID: 0854937 Jugador: Sebastián  Game ID: 45 GOL1: 4 GOL2: 0 PEN1: null PEN2: null
Player ID: 0854937 Jugador: Sebastián  Game ID: 46 GOL1: 3 GOL2: 1 PEN1: null PEN2: null
Player ID: 0854937 Jugador: Sebastián  Game ID: 47 GOL1: 0 GOL2: 2 PEN1: null PEN2: null
Player ID: 0854937 Jugador: Sebastián  Game ID: 48 GOL1: 1 GOL2: 0 PEN1: null PEN2: null
Player ID: 0854937 Jugador: Sebastián  Game ID: 49 GOL1: 1 GOL2: 1 PEN1: null PEN2: null
Player ID: 0854937 Jugador: Sebastián  Game ID: 50 GOL1: 0 GOL2: 0 PEN1: null PEN2: null
Player ID: 0854937 Jugador: Sebastián  Game ID: 51 GOL1: 3 GOL2: 1 PEN1: null PEN2: null
Player ID: 0854937 Jugador: Sebastián  Game ID: 52 GOL1: 2 GOL2: 0 PEN1: null PEN2: null
Player ID: 0854937 Jugador: Sebastián  Game ID: 53 GOL1: 1 GOL2: 1 PEN1: null PEN2: null
Player ID: 0854937 Jugador: Sebastián  Game ID: 54 GOL1: 1 GOL2: 2 PEN1: null PEN2: null
Player ID: 0854937 Jugador: Sebastián  Game ID: 55 GOL1: 0 GOL2: 0 PEN1: null PEN2: null
Player ID: 0854937 Jugador: Sebastián  Game ID: 56 GOL1: 1 GOL2: 3 PEN1: null PEN2: null
Player ID: 0854937 Jugador: Sebastián  Game ID: 57 GOL1: 2 GOL2: 1 PEN1: null PEN2: null
Player ID: 0854937 Jugador: Sebastián  Game ID: 58 GOL1: 0 GOL2: 3 PEN1: null PEN2: null
Player ID: 0854937 Jugador: Sebastián  Game ID: 59 GOL1: 1 GOL2: 0 PEN1: null PEN2: null
Player ID: 0854937 Jugador: Sebastián  Game ID: 60 GOL1: 1 GOL2: 0 PEN1: null PEN2: null
Player ID: 0854937 Jugador: Sebastián  Game ID: 61 GOL1: 2 GOL2: 3 PEN1: null PEN2: null
Player ID: 0854937 Jugador: Sebastián  Game ID: 62 GOL1: 2 GOL2: 1 PEN1: null PEN2: null
Player ID: 0854937 Jugador: Sebastián  Game ID: 63 GOL1: 0 GOL2: 0 PEN1: null PEN2: null
Player ID: 0854937 Jugador: Sebastián  Game ID: 64 GOL1: 1 GOL2: 3 PEN1: null PEN2: null
Player ID: 0854937 Jugador: Sebastián  Game ID: 65 GOL1: 1 GOL2: 1 PEN1: null PEN2: null
Player ID: 0854937 Jugador: Sebastián  Game ID: 66 GOL1: 1 GOL2: 2 PEN1: null PEN2: null
Player ID: 0854937 Jugador: Sebastián  Game ID: 67 GOL1: 1 GOL2: 3 PEN1: null PEN2: null
Player ID: 0854937 Jugador: Sebastián  Game ID: 68 GOL1: 2 GOL2: 0 PEN1: null PEN2: null
Player ID: 0854937 Jugador: Sebastián  Game ID: 69 GOL1: 1 GOL2: 2 PEN1: null PEN2: null
Player ID: 0854937 Jugador: Sebastián  Game ID: 70 GOL1: 0 GOL2: 0 PEN1: null PEN2: null
Player ID: 0854937 Jugador: Sebastián  Game ID: 71 GOL1: 1 GOL2: 2 PEN1: null PEN2: null
Player ID: 0854937 Jugador: Sebastián  Game ID: 72 GOL1: 0 GOL2: 2 PEN1: null PEN2: null
[10-06-2026 @23:09:28] 
Player ID: 0730975 Jugador: Jolice Game ID: 1 GOL1: 1 GOL2: 3 PEN1: null PEN2: null
Player ID: 0730975 Jugador: Jolice Game ID: 2 GOL1: 2 GOL2: 0 PEN1: null PEN2: null
Player ID: 0730975 Jugador: Jolice Game ID: 3 GOL1: 2 GOL2: 1 PEN1: null PEN2: null
Player ID: 0730975 Jugador: Jolice Game ID: 4 GOL1: 3 GOL2: 1 PEN1: null PEN2: null
Player ID: 0730975 Jugador: Jolice Game ID: 5 GOL1: 2 GOL2: 2 PEN1: null PEN2: null
Player ID: 0730975 Jugador: Jolice Game ID: 6 GOL1: 3 GOL2: 1 PEN1: null PEN2: null
Player ID: 0730975 Jugador: Jolice Game ID: 7 GOL1: 1 GOL2: 1 PEN1: null PEN2: null
Player ID: 0730975 Jugador: Jolice Game ID: 8 GOL1: 2 GOL2: 3 PEN1: null PEN2: null
Player ID: 0730975 Jugador: Jolice Game ID: 9 GOL1: 2 GOL2: 0 PEN1: null PEN2: null
Player ID: 0730975 Jugador: Jolice Game ID: 10 GOL1: 3 GOL2: 1 PEN1: null PEN2: null
Player ID: 0730975 Jugador: Jolice Game ID: 11 GOL1: 1 GOL2: 2 PEN1: null PEN2: null
Player ID: 0730975 Jugador: Jolice Game ID: 12 GOL1: 2 GOL2: 1 PEN1: null PEN2: null
Player ID: 0730975 Jugador: Jolice Game ID: 13 GOL1: 3 GOL2: 1 PEN1: null PEN2: null
Player ID: 0730975 Jugador: Jolice Game ID: 14 GOL1: 1 GOL2: 2 PEN1: null PEN2: null
Player ID: 0730975 Jugador: Jolice Game ID: 15 GOL1: 2 GOL2: 3 PEN1: null PEN2: null
Player ID: 0730975 Jugador: Jolice Game ID: 16 GOL1: 2 GOL2: 1 PEN1: null PEN2: null
Player ID: 0730975 Jugador: Jolice Game ID: 17 GOL1: 3 GOL2: 0 PEN1: null PEN2: null
Player ID: 0730975 Jugador: Jolice Game ID: 18 GOL1: 1 GOL2: 1 PEN1: null PEN2: null
Player ID: 0730975 Jugador: Jolice Game ID: 19 GOL1: 2 GOL2: 1 PEN1: null PEN2: null
Player ID: 0730975 Jugador: Jolice Game ID: 20 GOL1: 2 GOL2: 0 PEN1: null PEN2: null
Player ID: 0730975 Jugador: Jolice Game ID: 21 GOL1: 3 GOL2: 1 PEN1: null PEN2: null
Player ID: 0730975 Jugador: Jolice Game ID: 22 GOL1: 1 GOL2: 1 PEN1: null PEN2: null
Player ID: 0730975 Jugador: Jolice Game ID: 23 GOL1: 2 GOL2: 3 PEN1: null PEN2: null
Player ID: 0730975 Jugador: Jolice Game ID: 24 GOL1: 1 GOL2: 3 PEN1: null PEN2: null
Player ID: 0730975 Jugador: Jolice Game ID: 25 GOL1: 2 GOL2: 1 PEN1: null PEN2: null
Player ID: 0730975 Jugador: Jolice Game ID: 26 GOL1: 2 GOL2: 2 PEN1: null PEN2: null
Player ID: 0730975 Jugador: Jolice Game ID: 27 GOL1: 2 GOL2: 1 PEN1: null PEN2: null
Player ID: 0730975 Jugador: Jolice Game ID: 28 GOL1: 0 GOL2: 3 PEN1: null PEN2: null
Player ID: 0730975 Jugador: Jolice Game ID: 29 GOL1: 3 GOL2: 11 PEN1: null PEN2: null
Player ID: 0730975 Jugador: Jolice Game ID: 30 GOL1: 1 GOL2: 1 PEN1: null PEN2: null
Player ID: 0730975 Jugador: Jolice Game ID: 31 GOL1: 3 GOL2: 0 PEN1: null PEN2: null
Player ID: 0730975 Jugador: Jolice Game ID: 32 GOL1: 3 GOL2: 1 PEN1: null PEN2: null
Player ID: 0730975 Jugador: Jolice Game ID: 33 GOL1: 2 GOL2: 2 PEN1: null PEN2: null
Player ID: 0730975 Jugador: Jolice Game ID: 34 GOL1: 2 GOL2: 1 PEN1: null PEN2: null
Player ID: 0730975 Jugador: Jolice Game ID: 35 GOL1: 0 GOL2: 1 PEN1: null PEN2: null
Player ID: 0730975 Jugador: Jolice Game ID: 36 GOL1: 1 GOL2: 1 PEN1: null PEN2: null
Player ID: 0730975 Jugador: Jolice Game ID: 37 GOL1: 3 GOL2: 1 PEN1: null PEN2: null
Player ID: 0730975 Jugador: Jolice Game ID: 38 GOL1: 2 GOL2: 2 PEN1: null PEN2: null
Player ID: 0730975 Jugador: Jolice Game ID: 39 GOL1: 3 GOL2: 1 PEN1: null PEN2: null
Player ID: 0730975 Jugador: Jolice Game ID: 40 GOL1: 0 GOL2: 2 PEN1: null PEN2: null
Player ID: 0730975 Jugador: Jolice Game ID: 41 GOL1: 2 GOL2: 1 PEN1: null PEN2: null
Player ID: 0730975 Jugador: Jolice Game ID: 42 GOL1: 3 GOL2: 0 PEN1: null PEN2: null
Player ID: 0730975 Jugador: Jolice Game ID: 43 GOL1: 2 GOL2: 2 PEN1: null PEN2: null
Player ID: 0730975 Jugador: Jolice Game ID: 44 GOL1: 1 GOL2: 1 PEN1: null PEN2: null
Player ID: 0730975 Jugador: Jolice Game ID: 45 GOL1: 3 GOL2: 1 PEN1: null PEN2: null
Player ID: 0730975 Jugador: Jolice Game ID: 46 GOL1: 3 GOL2: 1 PEN1: null PEN2: null
Player ID: 0730975 Jugador: Jolice Game ID: 47 GOL1: 2 GOL2: 1 PEN1: null PEN2: null
Player ID: 0730975 Jugador: Jolice Game ID: 48 GOL1: 3 GOL2: 1 PEN1: null PEN2: null
Player ID: 0730975 Jugador: Jolice Game ID: 49 GOL1: 0 GOL2: 2 PEN1: null PEN2: null
Player ID: 0730975 Jugador: Jolice Game ID: 50 GOL1: 2 GOL2: 2 PEN1: null PEN2: null
Player ID: 0730975 Jugador: Jolice Game ID: 51 GOL1: 2 GOL2: 2 PEN1: null PEN2: null
Player ID: 0730975 Jugador: Jolice Game ID: 52 GOL1: 1 GOL2: 0 PEN1: null PEN2: null
Player ID: 0730975 Jugador: Jolice Game ID: 53 GOL1: 2 GOL2: 3 PEN1: null PEN2: null
Player ID: 0730975 Jugador: Jolice Game ID: 54 GOL1: 2 GOL2: 3 PEN1: null PEN2: null
Player ID: 0730975 Jugador: Jolice Game ID: 55 GOL1: 1 GOL2: 1 PEN1: null PEN2: null
Player ID: 0730975 Jugador: Jolice Game ID: 56 GOL1: 2 GOL2: 3 PEN1: null PEN2: null
Player ID: 0730975 Jugador: Jolice Game ID: 57 GOL1: 3 GOL2: 2 PEN1: null PEN2: null
Player ID: 0730975 Jugador: Jolice Game ID: 58 GOL1: 1 GOL2: 1 PEN1: null PEN2: null
Player ID: 0730975 Jugador: Jolice Game ID: 59 GOL1: 2 GOL2: 3 PEN1: null PEN2: null
Player ID: 0730975 Jugador: Jolice Game ID: 60 GOL1: 2 GOL2: 3 PEN1: null PEN2: null
Player ID: 0730975 Jugador: Jolice Game ID: 61 GOL1: 2 GOL2: 2 PEN1: null PEN2: null
Player ID: 0730975 Jugador: Jolice Game ID: 62 GOL1: 1 GOL2: 2 PEN1: null PEN2: null
Player ID: 0730975 Jugador: Jolice Game ID: 63 GOL1: 1 GOL2: 1 PEN1: null PEN2: null
Player ID: 0730975 Jugador: Jolice Game ID: 64 GOL1: 2 GOL2: 3 PEN1: null PEN2: null
Player ID: 0730975 Jugador: Jolice Game ID: 65 GOL1: 0 GOL2: 0 PEN1: null PEN2: null
Player ID: 0730975 Jugador: Jolice Game ID: 66 GOL1: 0 GOL2: 1 PEN1: null PEN2: null
Player ID: 0730975 Jugador: Jolice Game ID: 67 GOL1: 2 GOL2: 3 PEN1: null PEN2: null
Player ID: 0730975 Jugador: Jolice Game ID: 68 GOL1: 1 GOL2: 1 PEN1: null PEN2: null
Player ID: 0730975 Jugador: Jolice Game ID: 69 GOL1: 2 GOL2: 3 PEN1: null PEN2: null
Player ID: 0730975 Jugador: Jolice Game ID: 70 GOL1: 2 GOL2: 0 PEN1: null PEN2: null
Player ID: 0730975 Jugador: Jolice Game ID: 71 GOL1: 1 GOL2: 1 PEN1: null PEN2: null
Player ID: 0730975 Jugador: Jolice Game ID: 72 GOL1: 0 GOL2: 2 PEN1: null PEN2: null
[11-06-2026 @02:37:08] 
Player ID: 0975210 Jugador: ANA G Game ID: 1 GOL1: 2 GOL2: 0 PEN1: null PEN2: null
Player ID: 0975210 Jugador: ANA G Game ID: 2 GOL1: 1 GOL2: 1 PEN1: null PEN2: null
Player ID: 0975210 Jugador: ANA G Game ID: 3 GOL1: 2 GOL2: 1 PEN1: null PEN2: null
Player ID: 0975210 Jugador: ANA G Game ID: 4 GOL1: 2 GOL2: 1 PEN1: null PEN2: null
Player ID: 0975210 Jugador: ANA G Game ID: 5 GOL1: 1 GOL2: 2 PEN1: null PEN2: null
Player ID: 0975210 Jugador: ANA G Game ID: 6 GOL1: 2 GOL2: 1 PEN1: null PEN2: null
Player ID: 0975210 Jugador: ANA G Game ID: 7 GOL1: 0 GOL2: 1 PEN1: null PEN2: null
Player ID: 0975210 Jugador: ANA G Game ID: 8 GOL1: 0 GOL2: 1 PEN1: null PEN2: null
Player ID: 0975210 Jugador: ANA G Game ID: 9 GOL1: 3 GOL2: 0 PEN1: null PEN2: null
Player ID: 0975210 Jugador: ANA G Game ID: 10 GOL1: 2 GOL2: 1 PEN1: null PEN2: null
Player ID: 0975210 Jugador: ANA G Game ID: 11 GOL1: 1 GOL2: 1 PEN1: null PEN2: null
Player ID: 0975210 Jugador: ANA G Game ID: 12 GOL1: 1 GOL2: 1 PEN1: null PEN2: null
Player ID: 0975210 Jugador: ANA G Game ID: 13 GOL1: 3 GOL2: 0 PEN1: null PEN2: null
Player ID: 0975210 Jugador: ANA G Game ID: 14 GOL1: 2 GOL2: 1 PEN1: null PEN2: null
Player ID: 0975210 Jugador: ANA G Game ID: 15 GOL1: 1 GOL2: 2 PEN1: null PEN2: null
Player ID: 0975210 Jugador: ANA G Game ID: 16 GOL1: 2 GOL2: 0 PEN1: null PEN2: null
Player ID: 0975210 Jugador: ANA G Game ID: 17 GOL1: 2 GOL2: 1 PEN1: null PEN2: null
Player ID: 0975210 Jugador: ANA G Game ID: 18 GOL1: 1 GOL2: 3 PEN1: null PEN2: null
Player ID: 0975210 Jugador: ANA G Game ID: 19 GOL1: 3 GOL2: 1 PEN1: null PEN2: null
Player ID: 0975210 Jugador: ANA G Game ID: 20 GOL1: 2 GOL2: 0 PEN1: null PEN2: null
Player ID: 0975210 Jugador: ANA G Game ID: 21 GOL1: 3 GOL2: 0 PEN1: null PEN2: null
Player ID: 0975210 Jugador: ANA G Game ID: 22 GOL1: 1 GOL2: 0 PEN1: null PEN2: null
Player ID: 0975210 Jugador: ANA G Game ID: 23 GOL1: 1 GOL2: 1 PEN1: null PEN2: null
Player ID: 0975210 Jugador: ANA G Game ID: 24 GOL1: 0 GOL2: 2 PEN1: null PEN2: null
Player ID: 0975210 Jugador: ANA G Game ID: 25 GOL1: 1 GOL2: 1 PEN1: null PEN2: null
Player ID: 0975210 Jugador: ANA G Game ID: 26 GOL1: 2 GOL2: 1 PEN1: null PEN2: null
Player ID: 0975210 Jugador: ANA G Game ID: 27 GOL1: 2 GOL2: 0 PEN1: null PEN2: null
Player ID: 0975210 Jugador: ANA G Game ID: 28 GOL1: 2 GOL2: 2 PEN1: null PEN2: null
Player ID: 0975210 Jugador: ANA G Game ID: 29 GOL1: 2 GOL2: 1 PEN1: null PEN2: null
Player ID: 0975210 Jugador: ANA G Game ID: 30 GOL1: 1 GOL2: 2 PEN1: null PEN2: null
Player ID: 0975210 Jugador: ANA G Game ID: 31 GOL1: 4 GOL2: 0 PEN1: null PEN2: null
Player ID: 0975210 Jugador: ANA G Game ID: 32 GOL1: 1 GOL2: 1 PEN1: null PEN2: null
Player ID: 0975210 Jugador: ANA G Game ID: 33 GOL1: 2 GOL2: 1 PEN1: null PEN2: null
Player ID: 0975210 Jugador: ANA G Game ID: 34 GOL1: 2 GOL2: 1 PEN1: null PEN2: null
Player ID: 0975210 Jugador: ANA G Game ID: 35 GOL1: 3 GOL2: 0 PEN1: null PEN2: null
Player ID: 0975210 Jugador: ANA G Game ID: 36 GOL1: 0 GOL2: 1 PEN1: null PEN2: null
Player ID: 0975210 Jugador: ANA G Game ID: 37 GOL1: 3 GOL2: 0 PEN1: null PEN2: null
Player ID: 0975210 Jugador: ANA G Game ID: 38 GOL1: 2 GOL2: 1 PEN1: null PEN2: null
Player ID: 0975210 Jugador: ANA G Game ID: 39 GOL1: 3 GOL2: 0 PEN1: null PEN2: null
Player ID: 0975210 Jugador: ANA G Game ID: 40 GOL1: 0 GOL2: 2 PEN1: null PEN2: null
Player ID: 0975210 Jugador: ANA G Game ID: 41 GOL1: 3 GOL2: 1 PEN1: null PEN2: null
Player ID: 0975210 Jugador: ANA G Game ID: 42 GOL1: 3 GOL2: 0 PEN1: null PEN2: null
Player ID: 0975210 Jugador: ANA G Game ID: 43 GOL1: 1 GOL2: 1 PEN1: null PEN2: null
Player ID: 0975210 Jugador: ANA G Game ID: 44 GOL1: 0 GOL2: 2 PEN1: null PEN2: null
Player ID: 0975210 Jugador: ANA G Game ID: 45 GOL1: 3 GOL2: 0 PEN1: null PEN2: null
Player ID: 0975210 Jugador: ANA G Game ID: 46 GOL1: 2 GOL2: 0 PEN1: null PEN2: null
Player ID: 0975210 Jugador: ANA G Game ID: 47 GOL1: 1 GOL2: 2 PEN1: null PEN2: null
Player ID: 0975210 Jugador: ANA G Game ID: 48 GOL1: 2 GOL2: 1 PEN1: null PEN2: null
Player ID: 0975210 Jugador: ANA G Game ID: 49 GOL1: 2 GOL2: 1 PEN1: null PEN2: null
Player ID: 0975210 Jugador: ANA G Game ID: 50 GOL1: 2 GOL2: 1 PEN1: null PEN2: null
Player ID: 0975210 Jugador: ANA G Game ID: 51 GOL1: 4 GOL2: 1 PEN1: null PEN2: null
Player ID: 0975210 Jugador: ANA G Game ID: 52 GOL1: 3 GOL2: 0 PEN1: null PEN2: null
Player ID: 0975210 Jugador: ANA G Game ID: 53 GOL1: 1 GOL2: 2 PEN1: null PEN2: null
Player ID: 0975210 Jugador: ANA G Game ID: 54 GOL1: 1 GOL2: 2 PEN1: null PEN2: null
Player ID: 0975210 Jugador: ANA G Game ID: 55 GOL1: 1 GOL2: 3 PEN1: null PEN2: null
Player ID: 0975210 Jugador: ANA G Game ID: 56 GOL1: 1 GOL2: 2 PEN1: null PEN2: null
Player ID: 0975210 Jugador: ANA G Game ID: 57 GOL1: 2 GOL2: 1 PEN1: null PEN2: null
Player ID: 0975210 Jugador: ANA G Game ID: 58 GOL1: 0 GOL2: 2 PEN1: null PEN2: null
Player ID: 0975210 Jugador: ANA G Game ID: 59 GOL1: 1 GOL2: 2 PEN1: null PEN2: null
Player ID: 0975210 Jugador: ANA G Game ID: 60 GOL1: 1 GOL2: 1 PEN1: null PEN2: null
Player ID: 0975210 Jugador: ANA G Game ID: 61 GOL1: 1 GOL2: 2 PEN1: null PEN2: null
Player ID: 0975210 Jugador: ANA G Game ID: 62 GOL1: 2 GOL2: 0 PEN1: null PEN2: null
Player ID: 0975210 Jugador: ANA G Game ID: 63 GOL1: 1 GOL2: 1 PEN1: null PEN2: null
Player ID: 0975210 Jugador: ANA G Game ID: 64 GOL1: 1 GOL2: 2 PEN1: null PEN2: null
Player ID: 0975210 Jugador: ANA G Game ID: 65 GOL1: 1 GOL2: 0 PEN1: null PEN2: null
Player ID: 0975210 Jugador: ANA G Game ID: 66 GOL1: 1 GOL2: 3 PEN1: null PEN2: null
Player ID: 0975210 Jugador: ANA G Game ID: 67 GOL1: 0 GOL2: 3 PEN1: null PEN2: null
Player ID: 0975210 Jugador: ANA G Game ID: 68 GOL1: 2 GOL2: 1 PEN1: null PEN2: null
Player ID: 0975210 Jugador: ANA G Game ID: 69 GOL1: 1 GOL2: 2 PEN1: null PEN2: null
Player ID: 0975210 Jugador: ANA G Game ID: 70 GOL1: 1 GOL2: 0 PEN1: null PEN2: null
Player ID: 0975210 Jugador: ANA G Game ID: 71 GOL1: 1 GOL2: 2 PEN1: null PEN2: null
Player ID: 0975210 Jugador: ANA G Game ID: 72 GOL1: 0 GOL2: 3 PEN1: null PEN2: null
[11-06-2026 @02:39:29] 
Player ID: 0559056 Jugador: Cesar José García Dommar Game ID: 1 GOL1: 2 GOL2: 0 PEN1: null PEN2: null
Player ID: 0559056 Jugador: Cesar José García Dommar Game ID: 2 GOL1: 1 GOL2: 1 PEN1: null PEN2: null
Player ID: 0559056 Jugador: Cesar José García Dommar Game ID: 3 GOL1: 2 GOL2: 0 PEN1: null PEN2: null
Player ID: 0559056 Jugador: Cesar José García Dommar Game ID: 4 GOL1: 2 GOL2: 0 PEN1: null PEN2: null
Player ID: 0559056 Jugador: Cesar José García Dommar Game ID: 5 GOL1: 0 GOL2: 2 PEN1: null PEN2: null
Player ID: 0559056 Jugador: Cesar José García Dommar Game ID: 6 GOL1: 2 GOL2: 1 PEN1: null PEN2: null
Player ID: 0559056 Jugador: Cesar José García Dommar Game ID: 7 GOL1: 0 GOL2: 2 PEN1: null PEN2: null
Player ID: 0559056 Jugador: Cesar José García Dommar Game ID: 8 GOL1: 0 GOL2: 2 PEN1: null PEN2: null
Player ID: 0559056 Jugador: Cesar José García Dommar Game ID: 9 GOL1: 4 GOL2: 0 PEN1: null PEN2: null
Player ID: 0559056 Jugador: Cesar José García Dommar Game ID: 10 GOL1: 2 GOL2: 1 PEN1: null PEN2: null
Player ID: 0559056 Jugador: Cesar José García Dommar Game ID: 11 GOL1: 1 GOL2: 2 PEN1: null PEN2: null
Player ID: 0559056 Jugador: Cesar José García Dommar Game ID: 12 GOL1: 2 GOL2: 0 PEN1: null PEN2: null
Player ID: 0559056 Jugador: Cesar José García Dommar Game ID: 13 GOL1: 4 GOL2: 0 PEN1: null PEN2: null
Player ID: 0559056 Jugador: Cesar José García Dommar Game ID: 14 GOL1: 2 GOL2: 0 PEN1: null PEN2: null
Player ID: 0559056 Jugador: Cesar José García Dommar Game ID: 15 GOL1: 0 GOL2: 2 PEN1: null PEN2: null
Player ID: 0559056 Jugador: Cesar José García Dommar Game ID: 16 GOL1: 2 GOL2: 0 PEN1: null PEN2: null
Player ID: 0559056 Jugador: Cesar José García Dommar Game ID: 17 GOL1: 2 GOL2: 0 PEN1: null PEN2: null
Player ID: 0559056 Jugador: Cesar José García Dommar Game ID: 18 GOL1: 0 GOL2: 2 PEN1: null PEN2: null
Player ID: 0559056 Jugador: Cesar José García Dommar Game ID: 19 GOL1: 3 GOL2: 0 PEN1: null PEN2: null
Player ID: 0559056 Jugador: Cesar José García Dommar Game ID: 20 GOL1: 2 GOL2: 0 PEN1: null PEN2: null
Player ID: 0559056 Jugador: Cesar José García Dommar Game ID: 21 GOL1: 3 GOL2: 0 PEN1: null PEN2: null
Player ID: 0559056 Jugador: Cesar José García Dommar Game ID: 22 GOL1: 2 GOL2: 0 PEN1: null PEN2: null
Player ID: 0559056 Jugador: Cesar José García Dommar Game ID: 23 GOL1: 1 GOL2: 1 PEN1: null PEN2: null
Player ID: 0559056 Jugador: Cesar José García Dommar Game ID: 24 GOL1: 0 GOL2: 2 PEN1: null PEN2: null
Player ID: 0559056 Jugador: Cesar José García Dommar Game ID: 25 GOL1: 2 GOL2: 0 PEN1: null PEN2: null
Player ID: 0559056 Jugador: Cesar José García Dommar Game ID: 26 GOL1: 2 GOL2: 0 PEN1: null PEN2: null
Player ID: 0559056 Jugador: Cesar José García Dommar Game ID: 27 GOL1: 2 GOL2: 0 PEN1: null PEN2: null
Player ID: 0559056 Jugador: Cesar José García Dommar Game ID: 28 GOL1: 1 GOL2: 1 PEN1: null PEN2: null
Player ID: 0559056 Jugador: Cesar José García Dommar Game ID: 29 GOL1: 2 GOL2: 0 PEN1: null PEN2: null
Player ID: 0559056 Jugador: Cesar José García Dommar Game ID: 30 GOL1: 0 GOL2: 2 PEN1: null PEN2: null
Player ID: 0559056 Jugador: Cesar José García Dommar Game ID: 31 GOL1: 4 GOL2: 0 PEN1: null PEN2: null
Player ID: 0559056 Jugador: Cesar José García Dommar Game ID: 32 GOL1: 1 GOL2: 1 PEN1: null PEN2: null
Player ID: 0559056 Jugador: Cesar José García Dommar Game ID: 33 GOL1: 2 GOL2: 1 PEN1: null PEN2: null
Player ID: 0559056 Jugador: Cesar José García Dommar Game ID: 34 GOL1: 2 GOL2: 1 PEN1: null PEN2: null
Player ID: 0559056 Jugador: Cesar José García Dommar Game ID: 35 GOL1: 3 GOL2: 0 PEN1: null PEN2: null
Player ID: 0559056 Jugador: Cesar José García Dommar Game ID: 36 GOL1: 0 GOL2: 2 PEN1: null PEN2: null
Player ID: 0559056 Jugador: Cesar José García Dommar Game ID: 37 GOL1: 3 GOL2: 0 PEN1: null PEN2: null
Player ID: 0559056 Jugador: Cesar José García Dommar Game ID: 38 GOL1: 2 GOL2: 0 PEN1: null PEN2: null
Player ID: 0559056 Jugador: Cesar José García Dommar Game ID: 39 GOL1: 3 GOL2: 0 PEN1: null PEN2: null
Player ID: 0559056 Jugador: Cesar José García Dommar Game ID: 40 GOL1: 0 GOL2: 2 PEN1: null PEN2: null
Player ID: 0559056 Jugador: Cesar José García Dommar Game ID: 41 GOL1: 2 GOL2: 0 PEN1: null PEN2: null
Player ID: 0559056 Jugador: Cesar José García Dommar Game ID: 42 GOL1: 3 GOL2: 0 PEN1: null PEN2: null
Player ID: 0559056 Jugador: Cesar José García Dommar Game ID: 43 GOL1: 1 GOL2: 1 PEN1: null PEN2: null
Player ID: 0559056 Jugador: Cesar José García Dommar Game ID: 44 GOL1: 0 GOL2: 2 PEN1: null PEN2: null
Player ID: 0559056 Jugador: Cesar José García Dommar Game ID: 45 GOL1: 3 GOL2: 0 PEN1: null PEN2: null
Player ID: 0559056 Jugador: Cesar José García Dommar Game ID: 46 GOL1: 2 GOL2: 0 PEN1: null PEN2: null
Player ID: 0559056 Jugador: Cesar José García Dommar Game ID: 47 GOL1: 0 GOL2: 2 PEN1: null PEN2: null
Player ID: 0559056 Jugador: Cesar José García Dommar Game ID: 48 GOL1: 2 GOL2: 0 PEN1: null PEN2: null
Player ID: 0559056 Jugador: Cesar José García Dommar Game ID: 49 GOL1: 1 GOL2: 1 PEN1: null PEN2: null
Player ID: 0559056 Jugador: Cesar José García Dommar Game ID: 50 GOL1: 2 GOL2: 0 PEN1: null PEN2: null
Player ID: 0559056 Jugador: Cesar José García Dommar Game ID: 51 GOL1: 3 GOL2: 0 PEN1: null PEN2: null
Player ID: 0559056 Jugador: Cesar José García Dommar Game ID: 52 GOL1: 3 GOL2: 0 PEN1: null PEN2: null
Player ID: 0559056 Jugador: Cesar José García Dommar Game ID: 53 GOL1: 1 GOL2: 1 PEN1: null PEN2: null
Player ID: 0559056 Jugador: Cesar José García Dommar Game ID: 54 GOL1: 0 GOL2: 2 PEN1: null PEN2: null
Player ID: 0559056 Jugador: Cesar José García Dommar Game ID: 55 GOL1: 0 GOL2: 2 PEN1: null PEN2: null
Player ID: 0559056 Jugador: Cesar José García Dommar Game ID: 56 GOL1: 1 GOL2: 2 PEN1: null PEN2: null
Player ID: 0559056 Jugador: Cesar José García Dommar Game ID: 57 GOL1: 2 GOL2: 1 PEN1: null PEN2: null
Player ID: 0559056 Jugador: Cesar José García Dommar Game ID: 58 GOL1: 0 GOL2: 2 PEN1: null PEN2: null
Player ID: 0559056 Jugador: Cesar José García Dommar Game ID: 59 GOL1: 1 GOL2: 1 PEN1: null PEN2: null
Player ID: 0559056 Jugador: Cesar José García Dommar Game ID: 60 GOL1: 2 GOL2: 1 PEN1: null PEN2: null
Player ID: 0559056 Jugador: Cesar José García Dommar Game ID: 61 GOL1: 1 GOL2: 2 PEN1: null PEN2: null
Player ID: 0559056 Jugador: Cesar José García Dommar Game ID: 62 GOL1: 2 GOL2: 0 PEN1: null PEN2: null
Player ID: 0559056 Jugador: Cesar José García Dommar Game ID: 63 GOL1: 0 GOL2: 2 PEN1: null PEN2: null
Player ID: 0559056 Jugador: Cesar José García Dommar Game ID: 64 GOL1: 1 GOL2: 2 PEN1: null PEN2: null
Player ID: 0559056 Jugador: Cesar José García Dommar Game ID: 65 GOL1: 2 GOL2: 1 PEN1: null PEN2: null
Player ID: 0559056 Jugador: Cesar José García Dommar Game ID: 66 GOL1: 0 GOL2: 3 PEN1: null PEN2: null
Player ID: 0559056 Jugador: Cesar José García Dommar Game ID: 67 GOL1: 0 GOL2: 2 PEN1: null PEN2: null
Player ID: 0559056 Jugador: Cesar José García Dommar Game ID: 68 GOL1: 2 GOL2: 0 PEN1: null PEN2: null
Player ID: 0559056 Jugador: Cesar José García Dommar Game ID: 69 GOL1: 1 GOL2: 2 PEN1: null PEN2: null
Player ID: 0559056 Jugador: Cesar José García Dommar Game ID: 70 GOL1: 2 GOL2: 0 PEN1: null PEN2: null
Player ID: 0559056 Jugador: Cesar José García Dommar Game ID: 71 GOL1: 1 GOL2: 1 PEN1: null PEN2: null
Player ID: 0559056 Jugador: Cesar José García Dommar Game ID: 72 GOL1: 0 GOL2: 3 PEN1: null PEN2: null
[11-06-2026 @15:24:19] 
Player ID: 0758908 Jugador: Cami Game ID: 1 GOL1: 2 GOL2: 1 PEN1: null PEN2: null
Player ID: 0758908 Jugador: Cami Game ID: 2 GOL1: 1 GOL2: 0 PEN1: null PEN2: null
Player ID: 0758908 Jugador: Cami Game ID: 3 GOL1: 2 GOL2: 1 PEN1: null PEN2: null
Player ID: 0758908 Jugador: Cami Game ID: 4 GOL1: 0 GOL2: 1 PEN1: null PEN2: null
Player ID: 0758908 Jugador: Cami Game ID: 5 GOL1: 1 GOL2: 1 PEN1: null PEN2: null
Player ID: 0758908 Jugador: Cami Game ID: 6 GOL1: 3 GOL2: 1 PEN1: null PEN2: null
Player ID: 0758908 Jugador: Cami Game ID: 7 GOL1: 0 GOL2: 2 PEN1: null PEN2: null
Player ID: 0758908 Jugador: Cami Game ID: 8 GOL1: 1 GOL2: 1 PEN1: null PEN2: null
Player ID: 0758908 Jugador: Cami Game ID: 9 GOL1: 2 GOL2: 0 PEN1: null PEN2: null
Player ID: 0758908 Jugador: Cami Game ID: 10 GOL1: 1 GOL2: 1 PEN1: null PEN2: null
Player ID: 0758908 Jugador: Cami Game ID: 11 GOL1: 0 GOL2: 1 PEN1: null PEN2: null
Player ID: 0758908 Jugador: Cami Game ID: 12 GOL1: 2 GOL2: 0 PEN1: null PEN2: null
Player ID: 0758908 Jugador: Cami Game ID: 13 GOL1: 3 GOL2: 1 PEN1: null PEN2: null
Player ID: 0758908 Jugador: Cami Game ID: 14 GOL1: 2 GOL2: 1 PEN1: null PEN2: null
Player ID: 0758908 Jugador: Cami Game ID: 15 GOL1: 0 GOL2: 1 PEN1: null PEN2: null
Player ID: 0758908 Jugador: Cami Game ID: 16 GOL1: 1 GOL2: 2 PEN1: null PEN2: null
Player ID: 0758908 Jugador: Cami Game ID: 17 GOL1: 3 GOL2: 0 PEN1: null PEN2: null
Player ID: 0758908 Jugador: Cami Game ID: 18 GOL1: 1 GOL2: 0 PEN1: null PEN2: null
Player ID: 0758908 Jugador: Cami Game ID: 19 GOL1: 3 GOL2: 0 PEN1: null PEN2: null
Player ID: 0758908 Jugador: Cami Game ID: 20 GOL1: 1 GOL2: 1 PEN1: null PEN2: null
Player ID: 0758908 Jugador: Cami Game ID: 21 GOL1: 3 GOL2: 0 PEN1: null PEN2: null
Player ID: 0758908 Jugador: Cami Game ID: 22 GOL1: 2 GOL2: 2 PEN1: null PEN2: null
Player ID: 0758908 Jugador: Cami Game ID: 23 GOL1: 1 GOL2: 2 PEN1: null PEN2: null
Player ID: 0758908 Jugador: Cami Game ID: 24 GOL1: 0 GOL2: 2 PEN1: null PEN2: null
Player ID: 0758908 Jugador: Cami Game ID: 25 GOL1: 1 GOL2: 1 PEN1: null PEN2: null
Player ID: 0758908 Jugador: Cami Game ID: 26 GOL1: 2 GOL2: 0 PEN1: null PEN2: null
Player ID: 0758908 Jugador: Cami Game ID: 27 GOL1: 1 GOL2: 2 PEN1: null PEN2: null
Player ID: 0758908 Jugador: Cami Game ID: 28 GOL1: 2 GOL2: 1 PEN1: null PEN2: null
Player ID: 0758908 Jugador: Cami Game ID: 29 GOL1: 0 GOL2: 1 PEN1: null PEN2: null
Player ID: 0758908 Jugador: Cami Game ID: 30 GOL1: 1 GOL2: 2 PEN1: null PEN2: null
Player ID: 0758908 Jugador: Cami Game ID: 31 GOL1: 3 GOL2: 0 PEN1: null PEN2: null
Player ID: 0758908 Jugador: Cami Game ID: 32 GOL1: 1 GOL2: 0 PEN1: null PEN2: null
Player ID: 0758908 Jugador: Cami Game ID: 33 GOL1: 2 GOL2: 1 PEN1: null PEN2: null
Player ID: 0758908 Jugador: Cami Game ID: 34 GOL1: 1 GOL2: 0 PEN1: null PEN2: null
Player ID: 0758908 Jugador: Cami Game ID: 35 GOL1: 2 GOL2: 1 PEN1: null PEN2: null
Player ID: 0758908 Jugador: Cami Game ID: 36 GOL1: 0 GOL2: 1 PEN1: null PEN2: null
Player ID: 0758908 Jugador: Cami Game ID: 37 GOL1: 2 GOL2: 0 PEN1: null PEN2: null
Player ID: 0758908 Jugador: Cami Game ID: 38 GOL1: 2 GOL2: 0 PEN1: null PEN2: null
Player ID: 0758908 Jugador: Cami Game ID: 39 GOL1: 2 GOL2: 1 PEN1: null PEN2: null
Player ID: 0758908 Jugador: Cami Game ID: 40 GOL1: 1 GOL2: 0 PEN1: null PEN2: null
Player ID: 0758908 Jugador: Cami Game ID: 41 GOL1: 2 GOL2: 1 PEN1: null PEN2: null
Player ID: 0758908 Jugador: Cami Game ID: 42 GOL1: 3 GOL2: 0 PEN1: null PEN2: null
Player ID: 0758908 Jugador: Cami Game ID: 43 GOL1: 0 GOL2: 1 PEN1: null PEN2: null
Player ID: 0758908 Jugador: Cami Game ID: 44 GOL1: 1 GOL2: 0 PEN1: null PEN2: null
Player ID: 0758908 Jugador: Cami Game ID: 45 GOL1: 3 GOL2: 1 PEN1: null PEN2: null
Player ID: 0758908 Jugador: Cami Game ID: 46 GOL1: 1 GOL2: 0 PEN1: null PEN2: null
Player ID: 0758908 Jugador: Cami Game ID: 47 GOL1: 2 GOL2: 0 PEN1: null PEN2: null
Player ID: 0758908 Jugador: Cami Game ID: 48 GOL1: 2 GOL2: 1 PEN1: null PEN2: null
Player ID: 0758908 Jugador: Cami Game ID: 49 GOL1: 1 GOL2: 1 PEN1: null PEN2: null
Player ID: 0758908 Jugador: Cami Game ID: 50 GOL1: 0 GOL2: 2 PEN1: null PEN2: null
Player ID: 0758908 Jugador: Cami Game ID: 51 GOL1: 3 GOL2: 0 PEN1: null PEN2: null
Player ID: 0758908 Jugador: Cami Game ID: 52 GOL1: 2 GOL2: 0 PEN1: null PEN2: null
Player ID: 0758908 Jugador: Cami Game ID: 53 GOL1: 1 GOL2: 2 PEN1: null PEN2: null
Player ID: 0758908 Jugador: Cami Game ID: 54 GOL1: 1 GOL2: 2 PEN1: null PEN2: null
Player ID: 0758908 Jugador: Cami Game ID: 55 GOL1: 0 GOL2: 1 PEN1: null PEN2: null
Player ID: 0758908 Jugador: Cami Game ID: 56 GOL1: 1 GOL2: 3 PEN1: null PEN2: null
Player ID: 0758908 Jugador: Cami Game ID: 57 GOL1: 1 GOL2: 3 PEN1: null PEN2: null
Player ID: 0758908 Jugador: Cami Game ID: 58 GOL1: 2 GOL2: 2 PEN1: null PEN2: null
Player ID: 0758908 Jugador: Cami Game ID: 59 GOL1: 1 GOL2: 0 PEN1: null PEN2: null
Player ID: 0758908 Jugador: Cami Game ID: 60 GOL1: 1 GOL2: 1 PEN1: null PEN2: null
Player ID: 0758908 Jugador: Cami Game ID: 61 GOL1: 1 GOL2: 4 PEN1: null PEN2: null
Player ID: 0758908 Jugador: Cami Game ID: 62 GOL1: 1 GOL2: 0 PEN1: null PEN2: null
Player ID: 0758908 Jugador: Cami Game ID: 63 GOL1: 2 GOL2: 2 PEN1: null PEN2: null
Player ID: 0758908 Jugador: Cami Game ID: 64 GOL1: 0 GOL2: 2 PEN1: null PEN2: null
Player ID: 0758908 Jugador: Cami Game ID: 65 GOL1: 2 GOL2: 0 PEN1: null PEN2: null
Player ID: 0758908 Jugador: Cami Game ID: 66 GOL1: 1 GOL2: 3 PEN1: null PEN2: null
Player ID: 0758908 Jugador: Cami Game ID: 67 GOL1: 2 GOL2: 0 PEN1: null PEN2: null
Player ID: 0758908 Jugador: Cami Game ID: 68 GOL1: 3 GOL2: 1 PEN1: null PEN2: null
Player ID: 0758908 Jugador: Cami Game ID: 69 GOL1: 0 GOL2: 2 PEN1: null PEN2: null
Player ID: 0758908 Jugador: Cami Game ID: 70 GOL1: 0 GOL2: 1 PEN1: null PEN2: null
Player ID: 0758908 Jugador: Cami Game ID: 71 GOL1: 0 GOL2: 2 PEN1: null PEN2: null
Player ID: 0758908 Jugador: Cami Game ID: 72 GOL1: 0 GOL2: 3 PEN1: null PEN2: null
[11-06-2026 @18:04:35] 
Player ID: 0385146 Jugador: Jaudenc Game ID: 1 GOL1: 3 GOL2: 1 PEN1: null PEN2: null
Player ID: 0385146 Jugador: Jaudenc Game ID: 2 GOL1: 1 GOL2: 1 PEN1: null PEN2: null
Player ID: 0385146 Jugador: Jaudenc Game ID: 3 GOL1: 1 GOL2: 1 PEN1: null PEN2: null
Player ID: 0385146 Jugador: Jaudenc Game ID: 4 GOL1: 2 GOL2: 1 PEN1: null PEN2: null
Player ID: 0385146 Jugador: Jaudenc Game ID: 5 GOL1: 0 GOL2: 3 PEN1: null PEN2: null
Player ID: 0385146 Jugador: Jaudenc Game ID: 6 GOL1: 3 GOL2: 2 PEN1: null PEN2: null
Player ID: 0385146 Jugador: Jaudenc Game ID: 7 GOL1: 3 GOL2: 2 PEN1: null PEN2: null
Player ID: 0385146 Jugador: Jaudenc Game ID: 8 GOL1: 1 GOL2: 2 PEN1: null PEN2: null
Player ID: 0385146 Jugador: Jaudenc Game ID: 9 GOL1: 5 GOL2: 2 PEN1: null PEN2: null
Player ID: 0385146 Jugador: Jaudenc Game ID: 10 GOL1: 2 GOL2: 2 PEN1: null PEN2: null
Player ID: 0385146 Jugador: Jaudenc Game ID: 11 GOL1: 1 GOL2: 2 PEN1: null PEN2: null
Player ID: 0385146 Jugador: Jaudenc Game ID: 12 GOL1: 3 GOL2: 1 PEN1: null PEN2: null
Player ID: 0385146 Jugador: Jaudenc Game ID: 13 GOL1: 4 GOL2: 0 PEN1: null PEN2: null
Player ID: 0385146 Jugador: Jaudenc Game ID: 14 GOL1: 3 GOL2: 1 PEN1: null PEN2: null
Player ID: 0385146 Jugador: Jaudenc Game ID: 15 GOL1: 1 GOL2: 2 PEN1: null PEN2: null
Player ID: 0385146 Jugador: Jaudenc Game ID: 16 GOL1: 2 GOL2: 0 PEN1: null PEN2: null
Player ID: 0385146 Jugador: Jaudenc Game ID: 17 GOL1: 2 GOL2: 0 PEN1: null PEN2: null
Player ID: 0385146 Jugador: Jaudenc Game ID: 18 GOL1: 1 GOL2: 4 PEN1: null PEN2: null
Player ID: 0385146 Jugador: Jaudenc Game ID: 19 GOL1: 4 GOL2: 1 PEN1: null PEN2: null
Player ID: 0385146 Jugador: Jaudenc Game ID: 20 GOL1: 2 GOL2: 0 PEN1: null PEN2: null
Player ID: 0385146 Jugador: Jaudenc Game ID: 21 GOL1: 3 GOL2: 0 PEN1: null PEN2: null
Player ID: 0385146 Jugador: Jaudenc Game ID: 22 GOL1: 2 GOL2: 2 PEN1: null PEN2: null
Player ID: 0385146 Jugador: Jaudenc Game ID: 23 GOL1: 1 GOL2: 1 PEN1: null PEN2: null
Player ID: 0385146 Jugador: Jaudenc Game ID: 24 GOL1: 1 GOL2: 3 PEN1: null PEN2: null
Player ID: 0385146 Jugador: Jaudenc Game ID: 25 GOL1: 2 GOL2: 0 PEN1: null PEN2: null
Player ID: 0385146 Jugador: Jaudenc Game ID: 26 GOL1: 2 GOL2: 2 PEN1: null PEN2: null
Player ID: 0385146 Jugador: Jaudenc Game ID: 27 GOL1: 2 GOL2: 0 PEN1: null PEN2: null
Player ID: 0385146 Jugador: Jaudenc Game ID: 28 GOL1: 2 GOL2: 2 PEN1: null PEN2: null
Player ID: 0385146 Jugador: Jaudenc Game ID: 29 GOL1: 2 GOL2: 1 PEN1: null PEN2: null
Player ID: 0385146 Jugador: Jaudenc Game ID: 30 GOL1: 1 GOL2: 2 PEN1: null PEN2: null
Player ID: 0385146 Jugador: Jaudenc Game ID: 31 GOL1: 3 GOL2: 0 PEN1: null PEN2: null
Player ID: 0385146 Jugador: Jaudenc Game ID: 32 GOL1: 2 GOL2: 2 PEN1: null PEN2: null
Player ID: 0385146 Jugador: Jaudenc Game ID: 33 GOL1: 2 GOL2: 1 PEN1: null PEN2: null
Player ID: 0385146 Jugador: Jaudenc Game ID: 34 GOL1: 3 GOL2: 1 PEN1: null PEN2: null
Player ID: 0385146 Jugador: Jaudenc Game ID: 35 GOL1: 3 GOL2: 0 PEN1: null PEN2: null
Player ID: 0385146 Jugador: Jaudenc Game ID: 36 GOL1: 1 GOL2: 3 PEN1: null PEN2: null
Player ID: 0385146 Jugador: Jaudenc Game ID: 37 GOL1: 3 GOL2: 1 PEN1: null PEN2: null
Player ID: 0385146 Jugador: Jaudenc Game ID: 38 GOL1: 3 GOL2: 2 PEN1: null PEN2: null
Player ID: 0385146 Jugador: Jaudenc Game ID: 39 GOL1: 3 GOL2: 1 PEN1: null PEN2: null
Player ID: 0385146 Jugador: Jaudenc Game ID: 40 GOL1: 1 GOL2: 3 PEN1: null PEN2: null
Player ID: 0385146 Jugador: Jaudenc Game ID: 41 GOL1: 2 GOL2: 1 PEN1: null PEN2: null
Player ID: 0385146 Jugador: Jaudenc Game ID: 42 GOL1: 3 GOL2: 0 PEN1: null PEN2: null
Player ID: 0385146 Jugador: Jaudenc Game ID: 43 GOL1: 1 GOL2: 1 PEN1: null PEN2: null
Player ID: 0385146 Jugador: Jaudenc Game ID: 44 GOL1: 1 GOL2: 2 PEN1: null PEN2: null
Player ID: 0385146 Jugador: Jaudenc Game ID: 45 GOL1: 3 GOL2: 0 PEN1: null PEN2: null
Player ID: 0385146 Jugador: Jaudenc Game ID: 46 GOL1: 2 GOL2: 0 PEN1: null PEN2: null
Player ID: 0385146 Jugador: Jaudenc Game ID: 47 GOL1: 0 GOL2: 2 PEN1: null PEN2: null
Player ID: 0385146 Jugador: Jaudenc Game ID: 48 GOL1: 2 GOL2: 0 PEN1: null PEN2: null
Player ID: 0385146 Jugador: Jaudenc Game ID: 49 GOL1: 1 GOL2: 1 PEN1: null PEN2: null
Player ID: 0385146 Jugador: Jaudenc Game ID: 50 GOL1: 2 GOL2: 0 PEN1: null PEN2: null
Player ID: 0385146 Jugador: Jaudenc Game ID: 51 GOL1: 2 GOL2: 1 PEN1: null PEN2: null
Player ID: 0385146 Jugador: Jaudenc Game ID: 52 GOL1: 4 GOL2: 0 PEN1: null PEN2: null
Player ID: 0385146 Jugador: Jaudenc Game ID: 53 GOL1: 1 GOL2: 1 PEN1: null PEN2: null
Player ID: 0385146 Jugador: Jaudenc Game ID: 54 GOL1: 0 GOL2: 0 PEN1: null PEN2: null
Player ID: 0385146 Jugador: Jaudenc Game ID: 55 GOL1: 0 GOL2: 1 PEN1: null PEN2: null
Player ID: 0385146 Jugador: Jaudenc Game ID: 56 GOL1: 1 GOL2: 1 PEN1: null PEN2: null
Player ID: 0385146 Jugador: Jaudenc Game ID: 57 GOL1: 2 GOL2: 1 PEN1: null PEN2: null
Player ID: 0385146 Jugador: Jaudenc Game ID: 58 GOL1: 0 GOL2: 2 PEN1: null PEN2: null
Player ID: 0385146 Jugador: Jaudenc Game ID: 59 GOL1: 2 GOL2: 2 PEN1: null PEN2: null
Player ID: 0385146 Jugador: Jaudenc Game ID: 60 GOL1: 2 GOL2: 2 PEN1: null PEN2: null
Player ID: 0385146 Jugador: Jaudenc Game ID: 61 GOL1: 2 GOL2: 2 PEN1: null PEN2: null
Player ID: 0385146 Jugador: Jaudenc Game ID: 62 GOL1: 3 GOL2: 0 PEN1: null PEN2: null
Player ID: 0385146 Jugador: Jaudenc Game ID: 63 GOL1: 1 GOL2: 2 PEN1: null PEN2: null
Player ID: 0385146 Jugador: Jaudenc Game ID: 64 GOL1: 1 GOL2: 3 PEN1: null PEN2: null
Player ID: 0385146 Jugador: Jaudenc Game ID: 65 GOL1: 1 GOL2: 1 PEN1: null PEN2: null
Player ID: 0385146 Jugador: Jaudenc Game ID: 66 GOL1: 0 GOL2: 3 PEN1: null PEN2: null
Player ID: 0385146 Jugador: Jaudenc Game ID: 67 GOL1: 1 GOL2: 3 PEN1: null PEN2: null
Player ID: 0385146 Jugador: Jaudenc Game ID: 68 GOL1: 3 GOL2: 1 PEN1: null PEN2: null
Player ID: 0385146 Jugador: Jaudenc Game ID: 69 GOL1: 1 GOL2: 1 PEN1: null PEN2: null
Player ID: 0385146 Jugador: Jaudenc Game ID: 70 GOL1: 2 GOL2: 2 PEN1: null PEN2: null
Player ID: 0385146 Jugador: Jaudenc Game ID: 71 GOL1: 1 GOL2: 3 PEN1: null PEN2: null
Player ID: 0385146 Jugador: Jaudenc Game ID: 72 GOL1: 0 GOL2: 5 PEN1: null PEN2: null
[11-06-2026 @18:15:55] 
Player ID: 0630045 Jugador: Junior Game ID: 1 GOL1: 2 GOL2: 0 PEN1: null PEN2: null
Player ID: 0630045 Jugador: Junior Game ID: 2 GOL1: 1 GOL2: 1 PEN1: null PEN2: null
Player ID: 0630045 Jugador: Junior Game ID: 3 GOL1: 2 GOL2: 1 PEN1: null PEN2: null
Player ID: 0630045 Jugador: Junior Game ID: 4 GOL1: 2 GOL2: 1 PEN1: null PEN2: null
Player ID: 0630045 Jugador: Junior Game ID: 5 GOL1: 0 GOL2: 2 PEN1: null PEN2: null
Player ID: 0630045 Jugador: Junior Game ID: 6 GOL1: 2 GOL2: 1 PEN1: null PEN2: null
Player ID: 0630045 Jugador: Junior Game ID: 7 GOL1: 0 GOL2: 3 PEN1: null PEN2: null
Player ID: 0630045 Jugador: Junior Game ID: 8 GOL1: 0 GOL2: 2 PEN1: null PEN2: null
Player ID: 0630045 Jugador: Junior Game ID: 9 GOL1: 4 GOL2: 0 PEN1: null PEN2: null
Player ID: 0630045 Jugador: Junior Game ID: 10 GOL1: 1 GOL2: 1 PEN1: null PEN2: null
Player ID: 0630045 Jugador: Junior Game ID: 11 GOL1: 1 GOL2: 1 PEN1: null PEN2: null
Player ID: 0630045 Jugador: Junior Game ID: 12 GOL1: 2 GOL2: 0 PEN1: null PEN2: null
Player ID: 0630045 Jugador: Junior Game ID: 13 GOL1: 3 GOL2: 0 PEN1: null PEN2: null
Player ID: 0630045 Jugador: Junior Game ID: 14 GOL1: 2 GOL2: 1 PEN1: null PEN2: null
Player ID: 0630045 Jugador: Junior Game ID: 15 GOL1: 0 GOL2: 2 PEN1: null PEN2: null
Player ID: 0630045 Jugador: Junior Game ID: 16 GOL1: 2 GOL2: 0 PEN1: null PEN2: null
Player ID: 0630045 Jugador: Junior Game ID: 17 GOL1: 3 GOL2: 1 PEN1: null PEN2: null
Player ID: 0630045 Jugador: Junior Game ID: 18 GOL1: 0 GOL2: 2 PEN1: null PEN2: null
Player ID: 0630045 Jugador: Junior Game ID: 19 GOL1: 3 GOL2: 1 PEN1: null PEN2: null
Player ID: 0630045 Jugador: Junior Game ID: 20 GOL1: 2 GOL2: 0 PEN1: null PEN2: null
Player ID: 0630045 Jugador: Junior Game ID: 21 GOL1: 3 GOL2: 0 PEN1: null PEN2: null
Player ID: 0630045 Jugador: Junior Game ID: 22 GOL1: 1 GOL2: 1 PEN1: null PEN2: null
Player ID: 0630045 Jugador: Junior Game ID: 23 GOL1: 2 GOL2: 0 PEN1: null PEN2: null
Player ID: 0630045 Jugador: Junior Game ID: 24 GOL1: 1 GOL2: 2 PEN1: null PEN2: null
Player ID: 0630045 Jugador: Junior Game ID: 25 GOL1: 2 GOL2: 1 PEN1: null PEN2: null
Player ID: 0630045 Jugador: Junior Game ID: 26 GOL1: 2 GOL2: 0 PEN1: null PEN2: null
Player ID: 0630045 Jugador: Junior Game ID: 27 GOL1: 1 GOL2: 1 PEN1: null PEN2: null
Player ID: 0630045 Jugador: Junior Game ID: 28 GOL1: 1 GOL2: 1 PEN1: null PEN2: null
Player ID: 0630045 Jugador: Junior Game ID: 29 GOL1: 2 GOL2: 0 PEN1: null PEN2: null
Player ID: 0630045 Jugador: Junior Game ID: 30 GOL1: 1 GOL2: 2 PEN1: null PEN2: null
Player ID: 0630045 Jugador: Junior Game ID: 31 GOL1: 4 GOL2: 0 PEN1: null PEN2: null
Player ID: 0630045 Jugador: Junior Game ID: 32 GOL1: 1 GOL2: 1 PEN1: null PEN2: null
Player ID: 0630045 Jugador: Junior Game ID: 33 GOL1: 2 GOL2: 1 PEN1: null PEN2: null
Player ID: 0630045 Jugador: Junior Game ID: 34 GOL1: 3 GOL2: 1 PEN1: null PEN2: null
Player ID: 0630045 Jugador: Junior Game ID: 35 GOL1: 2 GOL2: 0 PEN1: null PEN2: null
Player ID: 0630045 Jugador: Junior Game ID: 36 GOL1: 0 GOL2: 2 PEN1: null PEN2: null
Player ID: 0630045 Jugador: Junior Game ID: 37 GOL1: 3 GOL2: 1 PEN1: null PEN2: null
Player ID: 0630045 Jugador: Junior Game ID: 38 GOL1: 3 GOL2: 1 PEN1: null PEN2: null
Player ID: 0630045 Jugador: Junior Game ID: 39 GOL1: 3 GOL2: 1 PEN1: null PEN2: null
Player ID: 0630045 Jugador: Junior Game ID: 40 GOL1: 0 GOL2: 2 PEN1: null PEN2: null
Player ID: 0630045 Jugador: Junior Game ID: 41 GOL1: 3 GOL2: 1 PEN1: null PEN2: null
Player ID: 0630045 Jugador: Junior Game ID: 42 GOL1: 4 GOL2: 1 PEN1: null PEN2: null
Player ID: 0630045 Jugador: Junior Game ID: 43 GOL1: 1 GOL2: 1 PEN1: null PEN2: null
Player ID: 0630045 Jugador: Junior Game ID: 44 GOL1: 0 GOL2: 2 PEN1: null PEN2: null
Player ID: 0630045 Jugador: Junior Game ID: 45 GOL1: 4 GOL2: 1 PEN1: null PEN2: null
Player ID: 0630045 Jugador: Junior Game ID: 46 GOL1: 3 GOL2: 2 PEN1: null PEN2: null
Player ID: 0630045 Jugador: Junior Game ID: 47 GOL1: 0 GOL2: 2 PEN1: null PEN2: null
Player ID: 0630045 Jugador: Junior Game ID: 48 GOL1: 3 GOL2: 1 PEN1: null PEN2: null
Player ID: 0630045 Jugador: Junior Game ID: 49 GOL1: 2 GOL2: 1 PEN1: null PEN2: null
Player ID: 0630045 Jugador: Junior Game ID: 50 GOL1: 1 GOL2: 1 PEN1: null PEN2: null
Player ID: 0630045 Jugador: Junior Game ID: 51 GOL1: 3 GOL2: 1 PEN1: null PEN2: null
Player ID: 0630045 Jugador: Junior Game ID: 52 GOL1: 2 GOL2: 0 PEN1: null PEN2: null
Player ID: 0630045 Jugador: Junior Game ID: 53 GOL1: 1 GOL2: 2 PEN1: null PEN2: null
Player ID: 0630045 Jugador: Junior Game ID: 54 GOL1: 1 GOL2: 1 PEN1: null PEN2: null
Player ID: 0630045 Jugador: Junior Game ID: 55 GOL1: 0 GOL2: 3 PEN1: null PEN2: null
Player ID: 0630045 Jugador: Junior Game ID: 56 GOL1: 1 GOL2: 2 PEN1: null PEN2: null
Player ID: 0630045 Jugador: Junior Game ID: 57 GOL1: 1 GOL2: 1 PEN1: null PEN2: null
Player ID: 0630045 Jugador: Junior Game ID: 58 GOL1: 1 GOL2: 2 PEN1: null PEN2: null
Player ID: 0630045 Jugador: Junior Game ID: 59 GOL1: 1 GOL2: 1 PEN1: null PEN2: null
Player ID: 0630045 Jugador: Junior Game ID: 60 GOL1: 2 GOL2: 1 PEN1: null PEN2: null
Player ID: 0630045 Jugador: Junior Game ID: 61 GOL1: 1 GOL2: 2 PEN1: null PEN2: null
Player ID: 0630045 Jugador: Junior Game ID: 62 GOL1: 2 GOL2: 0 PEN1: null PEN2: null
Player ID: 0630045 Jugador: Junior Game ID: 63 GOL1: 1 GOL2: 1 PEN1: null PEN2: null
Player ID: 0630045 Jugador: Junior Game ID: 64 GOL1: 1 GOL2: 2 PEN1: null PEN2: null
Player ID: 0630045 Jugador: Junior Game ID: 65 GOL1: 1 GOL2: 1 PEN1: null PEN2: null
Player ID: 0630045 Jugador: Junior Game ID: 66 GOL1: 0 GOL2: 2 PEN1: null PEN2: null
Player ID: 0630045 Jugador: Junior Game ID: 67 GOL1: 1 GOL2: 3 PEN1: null PEN2: null
Player ID: 0630045 Jugador: Junior Game ID: 68 GOL1: 1 GOL2: 0 PEN1: null PEN2: null
Player ID: 0630045 Jugador: Junior Game ID: 69 GOL1: 1 GOL2: 2 PEN1: null PEN2: null
Player ID: 0630045 Jugador: Junior Game ID: 70 GOL1: 1 GOL2: 1 PEN1: null PEN2: null
Player ID: 0630045 Jugador: Junior Game ID: 71 GOL1: 1 GOL2: 2 PEN1: null PEN2: null
Player ID: 0630045 Jugador: Junior Game ID: 72 GOL1: 0 GOL2: 3 PEN1: null PEN2: null
[11-06-2026 @18:26:51] 
Player ID: 0639873 Jugador: Richard  Game ID: 1 GOL1: 2 GOL2: 0 PEN1: null PEN2: null
Player ID: 0639873 Jugador: Richard  Game ID: 2 GOL1: 2 GOL2: 2 PEN1: null PEN2: null
Player ID: 0639873 Jugador: Richard  Game ID: 3 GOL1: 2 GOL2: 1 PEN1: null PEN2: null
Player ID: 0639873 Jugador: Richard  Game ID: 4 GOL1: 3 GOL2: 1 PEN1: null PEN2: null
Player ID: 0639873 Jugador: Richard  Game ID: 5 GOL1: 0 GOL2: 3 PEN1: null PEN2: null
Player ID: 0639873 Jugador: Richard  Game ID: 6 GOL1: 3 GOL2: 1 PEN1: null PEN2: null
Player ID: 0639873 Jugador: Richard  Game ID: 7 GOL1: 0 GOL2: 2 PEN1: null PEN2: null
Player ID: 0639873 Jugador: Richard  Game ID: 8 GOL1: 1 GOL2: 1 PEN1: null PEN2: null
Player ID: 0639873 Jugador: Richard  Game ID: 9 GOL1: 5 GOL2: 0 PEN1: null PEN2: null
Player ID: 0639873 Jugador: Richard  Game ID: 10 GOL1: 1 GOL2: 1 PEN1: null PEN2: null
Player ID: 0639873 Jugador: Richard  Game ID: 11 GOL1: 2 GOL2: 2 PEN1: null PEN2: null
Player ID: 0639873 Jugador: Richard  Game ID: 12 GOL1: 3 GOL2: 0 PEN1: null PEN2: null
Player ID: 0639873 Jugador: Richard  Game ID: 13 GOL1: 4 GOL2: 1 PEN1: null PEN2: null
Player ID: 0639873 Jugador: Richard  Game ID: 14 GOL1: 3 GOL2: 1 PEN1: null PEN2: null
Player ID: 0639873 Jugador: Richard  Game ID: 15 GOL1: 1 GOL2: 3 PEN1: null PEN2: null
Player ID: 0639873 Jugador: Richard  Game ID: 16 GOL1: 0 GOL2: 2 PEN1: null PEN2: null
Player ID: 0639873 Jugador: Richard  Game ID: 17 GOL1: 2 GOL2: 2 PEN1: null PEN2: null
Player ID: 0639873 Jugador: Richard  Game ID: 18 GOL1: 1 GOL2: 2 PEN1: null PEN2: null
Player ID: 0639873 Jugador: Richard  Game ID: 19 GOL1: 3 GOL2: 1 PEN1: null PEN2: null
Player ID: 0639873 Jugador: Richard  Game ID: 20 GOL1: 2 GOL2: 1 PEN1: null PEN2: null
Player ID: 0639873 Jugador: Richard  Game ID: 21 GOL1: 4 GOL2: 0 PEN1: null PEN2: null
Player ID: 0639873 Jugador: Richard  Game ID: 22 GOL1: 3 GOL2: 2 PEN1: null PEN2: null
Player ID: 0639873 Jugador: Richard  Game ID: 23 GOL1: 3 GOL2: 1 PEN1: null PEN2: null
Player ID: 0639873 Jugador: Richard  Game ID: 24 GOL1: 0 GOL2: 2 PEN1: null PEN2: null
Player ID: 0639873 Jugador: Richard  Game ID: 25 GOL1: 1 GOL2: 2 PEN1: null PEN2: null
Player ID: 0639873 Jugador: Richard  Game ID: 26 GOL1: 3 GOL2: 1 PEN1: null PEN2: null
Player ID: 0639873 Jugador: Richard  Game ID: 27 GOL1: 3 GOL2: 1 PEN1: null PEN2: null
Player ID: 0639873 Jugador: Richard  Game ID: 28 GOL1: 0 GOL2: 1 PEN1: null PEN2: null
Player ID: 0639873 Jugador: Richard  Game ID: 29 GOL1: 3 GOL2: 1 PEN1: null PEN2: null
Player ID: 0639873 Jugador: Richard  Game ID: 30 GOL1: 2 GOL2: 2 PEN1: null PEN2: null
Player ID: 0639873 Jugador: Richard  Game ID: 31 GOL1: 5 GOL2: 0 PEN1: null PEN2: null
Player ID: 0639873 Jugador: Richard  Game ID: 32 GOL1: 1 GOL2: 1 PEN1: null PEN2: null
Player ID: 0639873 Jugador: Richard  Game ID: 33 GOL1: 3 GOL2: 1 PEN1: null PEN2: null
Player ID: 0639873 Jugador: Richard  Game ID: 34 GOL1: 4 GOL2: 1 PEN1: null PEN2: null
Player ID: 0639873 Jugador: Richard  Game ID: 35 GOL1: 2 GOL2: 1 PEN1: null PEN2: null
Player ID: 0639873 Jugador: Richard  Game ID: 36 GOL1: 0 GOL2: 3 PEN1: null PEN2: null
Player ID: 0639873 Jugador: Richard  Game ID: 37 GOL1: 3 GOL2: 1 PEN1: null PEN2: null
Player ID: 0639873 Jugador: Richard  Game ID: 38 GOL1: 3 GOL2: 0 PEN1: null PEN2: null
Player ID: 0639873 Jugador: Richard  Game ID: 39 GOL1: 4 GOL2: 1 PEN1: null PEN2: null
Player ID: 0639873 Jugador: Richard  Game ID: 40 GOL1: 1 GOL2: 1 PEN1: null PEN2: null
Player ID: 0639873 Jugador: Richard  Game ID: 41 GOL1: 3 GOL2: 1 PEN1: null PEN2: null
Player ID: 0639873 Jugador: Richard  Game ID: 42 GOL1: 4 GOL2: 1 PEN1: null PEN2: null
Player ID: 0639873 Jugador: Richard  Game ID: 43 GOL1: 2 GOL2: 2 PEN1: null PEN2: null
Player ID: 0639873 Jugador: Richard  Game ID: 44 GOL1: 1 GOL2: 2 PEN1: null PEN2: null
Player ID: 0639873 Jugador: Richard  Game ID: 45 GOL1: 3 GOL2: 0 PEN1: null PEN2: null
Player ID: 0639873 Jugador: Richard  Game ID: 46 GOL1: 1 GOL2: 1 PEN1: null PEN2: null
Player ID: 0639873 Jugador: Richard  Game ID: 47 GOL1: 0 GOL2: 3 PEN1: null PEN2: null
Player ID: 0639873 Jugador: Richard  Game ID: 48 GOL1: 2 GOL2: 1 PEN1: null PEN2: null
Player ID: 0639873 Jugador: Richard  Game ID: 49 GOL1: 1 GOL2: 1 PEN1: null PEN2: null
Player ID: 0639873 Jugador: Richard  Game ID: 50 GOL1: 0 GOL2: 1 PEN1: null PEN2: null
Player ID: 0639873 Jugador: Richard  Game ID: 51 GOL1: 2 GOL2: 1 PEN1: null PEN2: null
Player ID: 0639873 Jugador: Richard  Game ID: 52 GOL1: 2 GOL2: 1 PEN1: null PEN2: null
Player ID: 0639873 Jugador: Richard  Game ID: 53 GOL1: 1 GOL2: 2 PEN1: null PEN2: null
Player ID: 0639873 Jugador: Richard  Game ID: 54 GOL1: 1 GOL2: 2 PEN1: null PEN2: null
Player ID: 0639873 Jugador: Richard  Game ID: 55 GOL1: 1 GOL2: 1 PEN1: null PEN2: null
Player ID: 0639873 Jugador: Richard  Game ID: 56 GOL1: 0 GOL2: 3 PEN1: null PEN2: null
Player ID: 0639873 Jugador: Richard  Game ID: 57 GOL1: 3 GOL2: 1 PEN1: null PEN2: null
Player ID: 0639873 Jugador: Richard  Game ID: 58 GOL1: 0 GOL2: 3 PEN1: null PEN2: null
Player ID: 0639873 Jugador: Richard  Game ID: 59 GOL1: 0 GOL2: 3 PEN1: null PEN2: null
Player ID: 0639873 Jugador: Richard  Game ID: 60 GOL1: 1 GOL2: 2 PEN1: null PEN2: null
Player ID: 0639873 Jugador: Richard  Game ID: 61 GOL1: 1 GOL2: 2 PEN1: null PEN2: null
Player ID: 0639873 Jugador: Richard  Game ID: 62 GOL1: 3 GOL2: 1 PEN1: null PEN2: null
Player ID: 0639873 Jugador: Richard  Game ID: 63 GOL1: 1 GOL2: 1 PEN1: null PEN2: null
Player ID: 0639873 Jugador: Richard  Game ID: 64 GOL1: 1 GOL2: 3 PEN1: null PEN2: null
Player ID: 0639873 Jugador: Richard  Game ID: 65 GOL1: 1 GOL2: 0 PEN1: null PEN2: null
Player ID: 0639873 Jugador: Richard  Game ID: 66 GOL1: 0 GOL2: 3 PEN1: null PEN2: null
Player ID: 0639873 Jugador: Richard  Game ID: 67 GOL1: 0 GOL2: 3 PEN1: null PEN2: null
Player ID: 0639873 Jugador: Richard  Game ID: 68 GOL1: 2 GOL2: 1 PEN1: null PEN2: null
Player ID: 0639873 Jugador: Richard  Game ID: 69 GOL1: 1 GOL2: 3 PEN1: null PEN2: null
Player ID: 0639873 Jugador: Richard  Game ID: 70 GOL1: 1 GOL2: 1 PEN1: null PEN2: null
Player ID: 0639873 Jugador: Richard  Game ID: 71 GOL1: 2 GOL2: 1 PEN1: null PEN2: null
Player ID: 0639873 Jugador: Richard  Game ID: 72 GOL1: 0 GOL2: 3 PEN1: null PEN2: null
[11-06-2026 @18:47:27] 
Player ID: 0045165 Jugador: cadommar Game ID: 1 GOL1: 3 GOL2: 1 PEN1: null PEN2: null
Player ID: 0045165 Jugador: cadommar Game ID: 2 GOL1: 1 GOL2: 1 PEN1: null PEN2: null
Player ID: 0045165 Jugador: cadommar Game ID: 3 GOL1: 1 GOL2: 0 PEN1: null PEN2: null
Player ID: 0045165 Jugador: cadommar Game ID: 4 GOL1: 2 GOL2: 2 PEN1: null PEN2: null
Player ID: 0045165 Jugador: cadommar Game ID: 5 GOL1: 0 GOL2: 2 PEN1: null PEN2: null
Player ID: 0045165 Jugador: cadommar Game ID: 6 GOL1: 2 GOL2: 1 PEN1: null PEN2: null
Player ID: 0045165 Jugador: cadommar Game ID: 7 GOL1: 0 GOL2: 2 PEN1: null PEN2: null
Player ID: 0045165 Jugador: cadommar Game ID: 8 GOL1: 1 GOL2: 1 PEN1: null PEN2: null
Player ID: 0045165 Jugador: cadommar Game ID: 9 GOL1: 3 GOL2: 1 PEN1: null PEN2: null
Player ID: 0045165 Jugador: cadommar Game ID: 10 GOL1: 2 GOL2: 1 PEN1: null PEN2: null
Player ID: 0045165 Jugador: cadommar Game ID: 11 GOL1: 0 GOL2: 2 PEN1: null PEN2: null
Player ID: 0045165 Jugador: cadommar Game ID: 12 GOL1: 2 GOL2: 0 PEN1: null PEN2: null
Player ID: 0045165 Jugador: cadommar Game ID: 13 GOL1: 2 GOL2: 0 PEN1: null PEN2: null
Player ID: 0045165 Jugador: cadommar Game ID: 14 GOL1: 2 GOL2: 0 PEN1: null PEN2: null
Player ID: 0045165 Jugador: cadommar Game ID: 15 GOL1: 1 GOL2: 2 PEN1: null PEN2: null
Player ID: 0045165 Jugador: cadommar Game ID: 16 GOL1: 1 GOL2: 3 PEN1: null PEN2: null
Player ID: 0045165 Jugador: cadommar Game ID: 17 GOL1: 1 GOL2: 1 PEN1: null PEN2: null
Player ID: 0045165 Jugador: cadommar Game ID: 18 GOL1: 1 GOL2: 3 PEN1: null PEN2: null
Player ID: 0045165 Jugador: cadommar Game ID: 19 GOL1: 3 GOL2: 0 PEN1: null PEN2: null
Player ID: 0045165 Jugador: cadommar Game ID: 20 GOL1: 2 GOL2: 2 PEN1: null PEN2: null
Player ID: 0045165 Jugador: cadommar Game ID: 21 GOL1: 3 GOL2: 0 PEN1: null PEN2: null
Player ID: 0045165 Jugador: cadommar Game ID: 22 GOL1: 3 GOL2: 2 PEN1: null PEN2: null
Player ID: 0045165 Jugador: cadommar Game ID: 23 GOL1: 2 GOL2: 1 PEN1: null PEN2: null
Player ID: 0045165 Jugador: cadommar Game ID: 24 GOL1: 1 GOL2: 2 PEN1: null PEN2: null
Player ID: 0045165 Jugador: cadommar Game ID: 25 GOL1: 2 GOL2: 0 PEN1: null PEN2: null
Player ID: 0045165 Jugador: cadommar Game ID: 26 GOL1: 2 GOL2: 0 PEN1: null PEN2: null
Player ID: 0045165 Jugador: cadommar Game ID: 27 GOL1: 2 GOL2: 1 PEN1: null PEN2: null
Player ID: 0045165 Jugador: cadommar Game ID: 28 GOL1: 1 GOL2: 1 PEN1: null PEN2: null
Player ID: 0045165 Jugador: cadommar Game ID: 29 GOL1: 2 GOL2: 1 PEN1: null PEN2: null
Player ID: 0045165 Jugador: cadommar Game ID: 30 GOL1: 1 GOL2: 2 PEN1: null PEN2: null
Player ID: 0045165 Jugador: cadommar Game ID: 31 GOL1: 3 GOL2: 0 PEN1: null PEN2: null
Player ID: 0045165 Jugador: cadommar Game ID: 32 GOL1: 2 GOL2: 2 PEN1: null PEN2: null
Player ID: 0045165 Jugador: cadommar Game ID: 33 GOL1: 2 GOL2: 2 PEN1: null PEN2: null
Player ID: 0045165 Jugador: cadommar Game ID: 34 GOL1: 3 GOL2: 0 PEN1: null PEN2: null
Player ID: 0045165 Jugador: cadommar Game ID: 35 GOL1: 3 GOL2: 1 PEN1: null PEN2: null
Player ID: 0045165 Jugador: cadommar Game ID: 36 GOL1: 1 GOL2: 3 PEN1: null PEN2: null
Player ID: 0045165 Jugador: cadommar Game ID: 37 GOL1: 3 GOL2: 0 PEN1: null PEN2: null
Player ID: 0045165 Jugador: cadommar Game ID: 38 GOL1: 2 GOL2: 0 PEN1: null PEN2: null
Player ID: 0045165 Jugador: cadommar Game ID: 39 GOL1: 2 GOL2: 0 PEN1: null PEN2: null
Player ID: 0045165 Jugador: cadommar Game ID: 40 GOL1: 2 GOL2: 1 PEN1: null PEN2: null
Player ID: 0045165 Jugador: cadommar Game ID: 41 GOL1: 2 GOL2: 1 PEN1: null PEN2: null
Player ID: 0045165 Jugador: cadommar Game ID: 42 GOL1: 2 GOL2: 0 PEN1: null PEN2: null
Player ID: 0045165 Jugador: cadommar Game ID: 43 GOL1: 2 GOL2: 2 PEN1: null PEN2: null
Player ID: 0045165 Jugador: cadommar Game ID: 44 GOL1: 1 GOL2: 1 PEN1: null PEN2: null
Player ID: 0045165 Jugador: cadommar Game ID: 45 GOL1: 2 GOL2: 0 PEN1: null PEN2: null
Player ID: 0045165 Jugador: cadommar Game ID: 46 GOL1: 2 GOL2: 0 PEN1: null PEN2: null
Player ID: 0045165 Jugador: cadommar Game ID: 47 GOL1: 1 GOL2: 3 PEN1: null PEN2: null
Player ID: 0045165 Jugador: cadommar Game ID: 48 GOL1: 3 GOL2: 0 PEN1: null PEN2: null
Player ID: 0045165 Jugador: cadommar Game ID: 49 GOL1: 2 GOL2: 0 PEN1: null PEN2: null
Player ID: 0045165 Jugador: cadommar Game ID: 50 GOL1: 1 GOL2: 1 PEN1: null PEN2: null
Player ID: 0045165 Jugador: cadommar Game ID: 51 GOL1: 2 GOL2: 1 PEN1: null PEN2: null
Player ID: 0045165 Jugador: cadommar Game ID: 52 GOL1: 3 GOL2: 0 PEN1: null PEN2: null
Player ID: 0045165 Jugador: cadommar Game ID: 53 GOL1: 1 GOL2: 1 PEN1: null PEN2: null
Player ID: 0045165 Jugador: cadommar Game ID: 54 GOL1: 1 GOL2: 2 PEN1: null PEN2: null
Player ID: 0045165 Jugador: cadommar Game ID: 55 GOL1: 2 GOL2: 2 PEN1: null PEN2: null
Player ID: 0045165 Jugador: cadommar Game ID: 56 GOL1: 2 GOL2: 2 PEN1: null PEN2: null
Player ID: 0045165 Jugador: cadommar Game ID: 57 GOL1: 2 GOL2: 2 PEN1: null PEN2: null
Player ID: 0045165 Jugador: cadommar Game ID: 58 GOL1: 1 GOL2: 3 PEN1: null PEN2: null
Player ID: 0045165 Jugador: cadommar Game ID: 59 GOL1: 1 GOL2: 2 PEN1: null PEN2: null
Player ID: 0045165 Jugador: cadommar Game ID: 60 GOL1: 2 GOL2: 1 PEN1: null PEN2: null
Player ID: 0045165 Jugador: cadommar Game ID: 61 GOL1: 2 GOL2: 2 PEN1: null PEN2: null
Player ID: 0045165 Jugador: cadommar Game ID: 62 GOL1: 3 GOL2: 1 PEN1: null PEN2: null
Player ID: 0045165 Jugador: cadommar Game ID: 63 GOL1: 0 GOL2: 0 PEN1: null PEN2: null
Player ID: 0045165 Jugador: cadommar Game ID: 64 GOL1: 1 GOL2: 2 PEN1: null PEN2: null
Player ID: 0045165 Jugador: cadommar Game ID: 65 GOL1: 1 GOL2: 1 PEN1: null PEN2: null
Player ID: 0045165 Jugador: cadommar Game ID: 66 GOL1: 2 GOL2: 3 PEN1: null PEN2: null
Player ID: 0045165 Jugador: cadommar Game ID: 67 GOL1: 0 GOL2: 3 PEN1: null PEN2: null
Player ID: 0045165 Jugador: cadommar Game ID: 68 GOL1: 3 GOL2: 1 PEN1: null PEN2: null
Player ID: 0045165 Jugador: cadommar Game ID: 69 GOL1: 1 GOL2: 3 PEN1: null PEN2: null
Player ID: 0045165 Jugador: cadommar Game ID: 70 GOL1: 0 GOL2: 0 PEN1: null PEN2: null
Player ID: 0045165 Jugador: cadommar Game ID: 71 GOL1: 1 GOL2: 2 PEN1: null PEN2: null
Player ID: 0045165 Jugador: cadommar Game ID: 72 GOL1: 1 GOL2: 4 PEN1: null PEN2: null
[11-06-2026 @18:52:40] 
Player ID: 0269996 Jugador: Juan pablo Game ID: 1 GOL1: 2 GOL2: 0 PEN1: null PEN2: null
Player ID: 0269996 Jugador: Juan pablo Game ID: 2 GOL1: 1 GOL2: 1 PEN1: null PEN2: null
Player ID: 0269996 Jugador: Juan pablo Game ID: 3 GOL1: 2 GOL2: 0 PEN1: null PEN2: null
Player ID: 0269996 Jugador: Juan pablo Game ID: 4 GOL1: 1 GOL2: 1 PEN1: null PEN2: null
Player ID: 0269996 Jugador: Juan pablo Game ID: 5 GOL1: 2 GOL2: 2 PEN1: null PEN2: null
Player ID: 0269996 Jugador: Juan pablo Game ID: 6 GOL1: 3 GOL2: 1 PEN1: null PEN2: null
Player ID: 0269996 Jugador: Juan pablo Game ID: 7 GOL1: 0 GOL2: 2 PEN1: null PEN2: null
Player ID: 0269996 Jugador: Juan pablo Game ID: 8 GOL1: 0 GOL2: 2 PEN1: null PEN2: null
Player ID: 0269996 Jugador: Juan pablo Game ID: 9 GOL1: 4 GOL2: 0 PEN1: null PEN2: null
Player ID: 0269996 Jugador: Juan pablo Game ID: 10 GOL1: 2 GOL2: 1 PEN1: null PEN2: null
Player ID: 0269996 Jugador: Juan pablo Game ID: 11 GOL1: 1 GOL2: 2 PEN1: null PEN2: null
Player ID: 0269996 Jugador: Juan pablo Game ID: 12 GOL1: 1 GOL2: 0 PEN1: null PEN2: null
Player ID: 0269996 Jugador: Juan pablo Game ID: 13 GOL1: 4 GOL2: 0 PEN1: null PEN2: null
Player ID: 0269996 Jugador: Juan pablo Game ID: 14 GOL1: 3 GOL2: 1 PEN1: null PEN2: null
Player ID: 0269996 Jugador: Juan pablo Game ID: 15 GOL1: 1 GOL2: 2 PEN1: null PEN2: null
Player ID: 0269996 Jugador: Juan pablo Game ID: 16 GOL1: 0 GOL2: 0 PEN1: null PEN2: null
Player ID: 0269996 Jugador: Juan pablo Game ID: 17 GOL1: 3 GOL2: 2 PEN1: null PEN2: null
Player ID: 0269996 Jugador: Juan pablo Game ID: 18 GOL1: 0 GOL2: 3 PEN1: null PEN2: null
Player ID: 0269996 Jugador: Juan pablo Game ID: 19 GOL1: 4 GOL2: 1 PEN1: null PEN2: null
Player ID: 0269996 Jugador: Juan pablo Game ID: 20 GOL1: 0 GOL2: 1 PEN1: null PEN2: null
Player ID: 0269996 Jugador: Juan pablo Game ID: 21 GOL1: 4 GOL2: 0 PEN1: null PEN2: null
Player ID: 0269996 Jugador: Juan pablo Game ID: 22 GOL1: 3 GOL2: 2 PEN1: null PEN2: null
Player ID: 0269996 Jugador: Juan pablo Game ID: 23 GOL1: 1 GOL2: 0 PEN1: null PEN2: null
Player ID: 0269996 Jugador: Juan pablo Game ID: 24 GOL1: 0 GOL2: 3 PEN1: null PEN2: null
Player ID: 0269996 Jugador: Juan pablo Game ID: 25 GOL1: 1 GOL2: 1 PEN1: null PEN2: null
Player ID: 0269996 Jugador: Juan pablo Game ID: 26 GOL1: 2 GOL2: 0 PEN1: null PEN2: null
Player ID: 0269996 Jugador: Juan pablo Game ID: 27 GOL1: 2 GOL2: 0 PEN1: null PEN2: null
Player ID: 0269996 Jugador: Juan pablo Game ID: 28 GOL1: 2 GOL2: 1 PEN1: null PEN2: null
Player ID: 0269996 Jugador: Juan pablo Game ID: 29 GOL1: 2 GOL2: 1 PEN1: null PEN2: null
Player ID: 0269996 Jugador: Juan pablo Game ID: 30 GOL1: 0 GOL2: 2 PEN1: null PEN2: null
Player ID: 0269996 Jugador: Juan pablo Game ID: 31 GOL1: 5 GOL2: 0 PEN1: null PEN2: null
Player ID: 0269996 Jugador: Juan pablo Game ID: 32 GOL1: 2 GOL2: 2 PEN1: null PEN2: null
Player ID: 0269996 Jugador: Juan pablo Game ID: 33 GOL1: 3 GOL2: 1 PEN1: null PEN2: null
Player ID: 0269996 Jugador: Juan pablo Game ID: 34 GOL1: 3 GOL2: 1 PEN1: null PEN2: null
Player ID: 0269996 Jugador: Juan pablo Game ID: 35 GOL1: 2 GOL2: 0 PEN1: null PEN2: null
Player ID: 0269996 Jugador: Juan pablo Game ID: 36 GOL1: 0 GOL2: 1 PEN1: null PEN2: null
Player ID: 0269996 Jugador: Juan pablo Game ID: 37 GOL1: 3 GOL2: 1 PEN1: null PEN2: null
Player ID: 0269996 Jugador: Juan pablo Game ID: 38 GOL1: 2 GOL2: 0 PEN1: null PEN2: null
Player ID: 0269996 Jugador: Juan pablo Game ID: 39 GOL1: 2 GOL2: 0 PEN1: null PEN2: null
Player ID: 0269996 Jugador: Juan pablo Game ID: 40 GOL1: 1 GOL2: 1 PEN1: null PEN2: null
Player ID: 0269996 Jugador: Juan pablo Game ID: 41 GOL1: 3 GOL2: 0 PEN1: null PEN2: null
Player ID: 0269996 Jugador: Juan pablo Game ID: 42 GOL1: 3 GOL2: 0 PEN1: null PEN2: null
Player ID: 0269996 Jugador: Juan pablo Game ID: 43 GOL1: 1 GOL2: 2 PEN1: null PEN2: null
Player ID: 0269996 Jugador: Juan pablo Game ID: 44 GOL1: 0 GOL2: 1 PEN1: null PEN2: null
Player ID: 0269996 Jugador: Juan pablo Game ID: 45 GOL1: 4 GOL2: 0 PEN1: null PEN2: null
Player ID: 0269996 Jugador: Juan pablo Game ID: 46 GOL1: 3 GOL2: 0 PEN1: null PEN2: null
Player ID: 0269996 Jugador: Juan pablo Game ID: 47 GOL1: 1 GOL2: 2 PEN1: null PEN2: null
Player ID: 0269996 Jugador: Juan pablo Game ID: 48 GOL1: 2 GOL2: 0 PEN1: null PEN2: null
Player ID: 0269996 Jugador: Juan pablo Game ID: 49 GOL1: 2 GOL2: 2 PEN1: null PEN2: null
Player ID: 0269996 Jugador: Juan pablo Game ID: 50 GOL1: 1 GOL2: 1 PEN1: null PEN2: null
Player ID: 0269996 Jugador: Juan pablo Game ID: 51 GOL1: 2 GOL2: 0 PEN1: null PEN2: null
Player ID: 0269996 Jugador: Juan pablo Game ID: 52 GOL1: 2 GOL2: 0 PEN1: null PEN2: null
Player ID: 0269996 Jugador: Juan pablo Game ID: 53 GOL1: 0 GOL2: 1 PEN1: null PEN2: null
Player ID: 0269996 Jugador: Juan pablo Game ID: 54 GOL1: 0 GOL2: 0 PEN1: null PEN2: null
Player ID: 0269996 Jugador: Juan pablo Game ID: 55 GOL1: 0 GOL2: 0 PEN1: null PEN2: null
Player ID: 0269996 Jugador: Juan pablo Game ID: 56 GOL1: 1 GOL2: 3 PEN1: null PEN2: null
Player ID: 0269996 Jugador: Juan pablo Game ID: 57 GOL1: 1 GOL2: 1 PEN1: null PEN2: null
Player ID: 0269996 Jugador: Juan pablo Game ID: 58 GOL1: 0 GOL2: 2 PEN1: null PEN2: null
Player ID: 0269996 Jugador: Juan pablo Game ID: 59 GOL1: 1 GOL2: 1 PEN1: null PEN2: null
Player ID: 0269996 Jugador: Juan pablo Game ID: 60 GOL1: 1 GOL2: 0 PEN1: null PEN2: null
Player ID: 0269996 Jugador: Juan pablo Game ID: 61 GOL1: 2 GOL2: 3 PEN1: null PEN2: null
Player ID: 0269996 Jugador: Juan pablo Game ID: 62 GOL1: 1 GOL2: 0 PEN1: null PEN2: null
Player ID: 0269996 Jugador: Juan pablo Game ID: 63 GOL1: 0 GOL2: 1 PEN1: null PEN2: null
Player ID: 0269996 Jugador: Juan pablo Game ID: 64 GOL1: 1 GOL2: 3 PEN1: null PEN2: null
Player ID: 0269996 Jugador: Juan pablo Game ID: 65 GOL1: 0 GOL2: 0 PEN1: null PEN2: null
Player ID: 0269996 Jugador: Juan pablo Game ID: 66 GOL1: 0 GOL2: 1 PEN1: null PEN2: null
Player ID: 0269996 Jugador: Juan pablo Game ID: 67 GOL1: 1 GOL2: 3 PEN1: null PEN2: null
Player ID: 0269996 Jugador: Juan pablo Game ID: 68 GOL1: 2 GOL2: 1 PEN1: null PEN2: null
Player ID: 0269996 Jugador: Juan pablo Game ID: 69 GOL1: 2 GOL2: 3 PEN1: null PEN2: null
Player ID: 0269996 Jugador: Juan pablo Game ID: 70 GOL1: 0 GOL2: 0 PEN1: null PEN2: null
Player ID: 0269996 Jugador: Juan pablo Game ID: 71 GOL1: 1 GOL2: 1 PEN1: null PEN2: null
Player ID: 0269996 Jugador: Juan pablo Game ID: 72 GOL1: 0 GOL2: 3 PEN1: null PEN2: null
[11-06-2026 @19:14:55] 
Player ID: 0837184 Jugador: Mathias  Game ID: 1 GOL1: 2 GOL2: 0 PEN1: null PEN2: null
Player ID: 0837184 Jugador: Mathias  Game ID: 2 GOL1: 0 GOL2: 1 PEN1: null PEN2: null
Player ID: 0837184 Jugador: Mathias  Game ID: 3 GOL1: 2 GOL2: 0 PEN1: null PEN2: null
Player ID: 0837184 Jugador: Mathias  Game ID: 4 GOL1: 2 GOL2: 1 PEN1: null PEN2: null
Player ID: 0837184 Jugador: Mathias  Game ID: 5 GOL1: 0 GOL2: 1 PEN1: null PEN2: null
Player ID: 0837184 Jugador: Mathias  Game ID: 6 GOL1: 2 GOL2: 1 PEN1: null PEN2: null
Player ID: 0837184 Jugador: Mathias  Game ID: 7 GOL1: 0 GOL2: 2 PEN1: null PEN2: null
Player ID: 0837184 Jugador: Mathias  Game ID: 8 GOL1: 0 GOL2: 1 PEN1: null PEN2: null
Player ID: 0837184 Jugador: Mathias  Game ID: 9 GOL1: 3 GOL2: 0 PEN1: null PEN2: null
Player ID: 0837184 Jugador: Mathias  Game ID: 10 GOL1: 2 GOL2: 1 PEN1: null PEN2: null
Player ID: 0837184 Jugador: Mathias  Game ID: 11 GOL1: 1 GOL2: 2 PEN1: null PEN2: null
Player ID: 0837184 Jugador: Mathias  Game ID: 12 GOL1: 1 GOL2: 0 PEN1: null PEN2: null
Player ID: 0837184 Jugador: Mathias  Game ID: 13 GOL1: 3 GOL2: 0 PEN1: null PEN2: null
Player ID: 0837184 Jugador: Mathias  Game ID: 14 GOL1: 2 GOL2: 0 PEN1: null PEN2: null
Player ID: 0837184 Jugador: Mathias  Game ID: 15 GOL1: 0 GOL2: 2 PEN1: null PEN2: null
Player ID: 0837184 Jugador: Mathias  Game ID: 16 GOL1: 1 GOL2: 1 PEN1: null PEN2: null
Player ID: 0837184 Jugador: Mathias  Game ID: 17 GOL1: 2 GOL2: 1 PEN1: null PEN2: null
Player ID: 0837184 Jugador: Mathias  Game ID: 18 GOL1: 1 GOL2: 2 PEN1: null PEN2: null
Player ID: 0837184 Jugador: Mathias  Game ID: 19 GOL1: 2 GOL2: 0 PEN1: null PEN2: null
Player ID: 0837184 Jugador: Mathias  Game ID: 20 GOL1: 1 GOL2: 1 PEN1: null PEN2: null
Player ID: 0837184 Jugador: Mathias  Game ID: 21 GOL1: 2 GOL2: 0 PEN1: null PEN2: null
Player ID: 0837184 Jugador: Mathias  Game ID: 22 GOL1: 2 GOL2: 1 PEN1: null PEN2: null
Player ID: 0837184 Jugador: Mathias  Game ID: 23 GOL1: 2 GOL2: 0 PEN1: null PEN2: null
Player ID: 0837184 Jugador: Mathias  Game ID: 24 GOL1: 2 GOL2: 0 PEN1: null PEN2: null
Player ID: 0837184 Jugador: Mathias  Game ID: 25 GOL1: 2 GOL2: 0 PEN1: null PEN2: null
Player ID: 0837184 Jugador: Mathias  Game ID: 26 GOL1: 2 GOL2: 0 PEN1: null PEN2: null
Player ID: 0837184 Jugador: Mathias  Game ID: 27 GOL1: 2 GOL2: 0 PEN1: null PEN2: null
Player ID: 0837184 Jugador: Mathias  Game ID: 28 GOL1: 2 GOL2: 1 PEN1: null PEN2: null
Player ID: 0837184 Jugador: Mathias  Game ID: 29 GOL1: 2 GOL2: 0 PEN1: null PEN2: null
Player ID: 0837184 Jugador: Mathias  Game ID: 30 GOL1: 0 GOL2: 2 PEN1: null PEN2: null
Player ID: 0837184 Jugador: Mathias  Game ID: 31 GOL1: 3 GOL2: 0 PEN1: null PEN2: null
Player ID: 0837184 Jugador: Mathias  Game ID: 32 GOL1: 1 GOL2: 1 PEN1: null PEN2: null
Player ID: 0837184 Jugador: Mathias  Game ID: 33 GOL1: 2 GOL2: 1 PEN1: null PEN2: null
Player ID: 0837184 Jugador: Mathias  Game ID: 34 GOL1: 3 GOL2: 0 PEN1: null PEN2: null
Player ID: 0837184 Jugador: Mathias  Game ID: 35 GOL1: 2 GOL2: 0 PEN1: null PEN2: null
Player ID: 0837184 Jugador: Mathias  Game ID: 36 GOL1: 0 GOL2: 2 PEN1: null PEN2: null
Player ID: 0837184 Jugador: Mathias  Game ID: 37 GOL1: 3 GOL2: 0 PEN1: null PEN2: null
Player ID: 0837184 Jugador: Mathias  Game ID: 38 GOL1: 2 GOL2: 0 PEN1: null PEN2: null
Player ID: 0837184 Jugador: Mathias  Game ID: 39 GOL1: 2 GOL2: 0 PEN1: null PEN2: null
Player ID: 0837184 Jugador: Mathias  Game ID: 40 GOL1: 1 GOL2: 1 PEN1: null PEN2: null
Player ID: 0837184 Jugador: Mathias  Game ID: 41 GOL1: 2 GOL2: 0 PEN1: null PEN2: null
Player ID: 0837184 Jugador: Mathias  Game ID: 42 GOL1: 3 GOL2: 0 PEN1: null PEN2: null
Player ID: 0837184 Jugador: Mathias  Game ID: 43 GOL1: 0 GOL2: 1 PEN1: null PEN2: null
Player ID: 0837184 Jugador: Mathias  Game ID: 44 GOL1: 1 GOL2: 1 PEN1: null PEN2: null
Player ID: 0837184 Jugador: Mathias  Game ID: 45 GOL1: 3 GOL2: 0 PEN1: null PEN2: null
Player ID: 0837184 Jugador: Mathias  Game ID: 46 GOL1: 2 GOL2: 0 PEN1: null PEN2: null
Player ID: 0837184 Jugador: Mathias  Game ID: 47 GOL1: 0 GOL2: 2 PEN1: null PEN2: null
Player ID: 0837184 Jugador: Mathias  Game ID: 48 GOL1: 2 GOL2: 0 PEN1: null PEN2: null
Player ID: 0837184 Jugador: Mathias  Game ID: 49 GOL1: 2 GOL2: 1 PEN1: null PEN2: null
Player ID: 0837184 Jugador: Mathias  Game ID: 50 GOL1: 1 GOL2: 1 PEN1: null PEN2: null
Player ID: 0837184 Jugador: Mathias  Game ID: 51 GOL1: 2 GOL2: 0 PEN1: null PEN2: null
Player ID: 0837184 Jugador: Mathias  Game ID: 52 GOL1: 2 GOL2: 0 PEN1: null PEN2: null
Player ID: 0837184 Jugador: Mathias  Game ID: 53 GOL1: 1 GOL2: 1 PEN1: null PEN2: null
Player ID: 0837184 Jugador: Mathias  Game ID: 54 GOL1: 1 GOL2: 1 PEN1: null PEN2: null
Player ID: 0837184 Jugador: Mathias  Game ID: 55 GOL1: 0 GOL2: 2 PEN1: null PEN2: null
Player ID: 0837184 Jugador: Mathias  Game ID: 56 GOL1: 2 GOL2: 2 PEN1: null PEN2: null
Player ID: 0837184 Jugador: Mathias  Game ID: 57 GOL1: 1 GOL2: 1 PEN1: null PEN2: null
Player ID: 0837184 Jugador: Mathias  Game ID: 58 GOL1: 0 GOL2: 2 PEN1: null PEN2: null
Player ID: 0837184 Jugador: Mathias  Game ID: 59 GOL1: 1 GOL2: 2 PEN1: null PEN2: null
Player ID: 0837184 Jugador: Mathias  Game ID: 60 GOL1: 1 GOL2: 1 PEN1: null PEN2: null
Player ID: 0837184 Jugador: Mathias  Game ID: 61 GOL1: 0 GOL2: 3 PEN1: null PEN2: null
Player ID: 0837184 Jugador: Mathias  Game ID: 62 GOL1: 1 GOL2: 0 PEN1: null PEN2: null
Player ID: 0837184 Jugador: Mathias  Game ID: 63 GOL1: 1 GOL2: 0 PEN1: null PEN2: null
Player ID: 0837184 Jugador: Mathias  Game ID: 64 GOL1: 1 GOL2: 2 PEN1: null PEN2: null
Player ID: 0837184 Jugador: Mathias  Game ID: 65 GOL1: 1 GOL2: 1 PEN1: null PEN2: null
Player ID: 0837184 Jugador: Mathias  Game ID: 66 GOL1: 0 GOL2: 2 PEN1: null PEN2: null
Player ID: 0837184 Jugador: Mathias  Game ID: 67 GOL1: 0 GOL2: 2 PEN1: null PEN2: null
Player ID: 0837184 Jugador: Mathias  Game ID: 68 GOL1: 2 GOL2: 0 PEN1: null PEN2: null
Player ID: 0837184 Jugador: Mathias  Game ID: 69 GOL1: 1 GOL2: 2 PEN1: null PEN2: null
Player ID: 0837184 Jugador: Mathias  Game ID: 70 GOL1: 1 GOL2: 0 PEN1: null PEN2: null
Player ID: 0837184 Jugador: Mathias  Game ID: 71 GOL1: 0 GOL2: 0 PEN1: null PEN2: null
Player ID: 0837184 Jugador: Mathias  Game ID: 72 GOL1: 0 GOL2: 3 PEN1: null PEN2: null
[11-06-2026 @20:02:48] 
Player ID: 0339759 Jugador: Luis Dommar Game ID: 1 GOL1: 3 GOL2: 1 PEN1: null PEN2: null
Player ID: 0339759 Jugador: Luis Dommar Game ID: 2 GOL1: 2 GOL2: 2 PEN1: null PEN2: null
Player ID: 0339759 Jugador: Luis Dommar Game ID: 3 GOL1: 2 GOL2: 0 PEN1: null PEN2: null
Player ID: 0339759 Jugador: Luis Dommar Game ID: 4 GOL1: 1 GOL2: 3 PEN1: null PEN2: null
Player ID: 0339759 Jugador: Luis Dommar Game ID: 5 GOL1: 0 GOL2: 3 PEN1: null PEN2: null
Player ID: 0339759 Jugador: Luis Dommar Game ID: 6 GOL1: 1 GOL2: 1 PEN1: null PEN2: null
Player ID: 0339759 Jugador: Luis Dommar Game ID: 7 GOL1: 0 GOL2: 2 PEN1: null PEN2: null
Player ID: 0339759 Jugador: Luis Dommar Game ID: 8 GOL1: 1 GOL2: 2 PEN1: null PEN2: null
Player ID: 0339759 Jugador: Luis Dommar Game ID: 9 GOL1: 3 GOL2: 0 PEN1: null PEN2: null
Player ID: 0339759 Jugador: Luis Dommar Game ID: 10 GOL1: 2 GOL2: 2 PEN1: null PEN2: null
Player ID: 0339759 Jugador: Luis Dommar Game ID: 11 GOL1: 1 GOL2: 1 PEN1: null PEN2: null
Player ID: 0339759 Jugador: Luis Dommar Game ID: 12 GOL1: 2 GOL2: 0 PEN1: null PEN2: null
Player ID: 0339759 Jugador: Luis Dommar Game ID: 13 GOL1: 3 GOL2: 0 PEN1: null PEN2: null
Player ID: 0339759 Jugador: Luis Dommar Game ID: 14 GOL1: 3 GOL2: 1 PEN1: null PEN2: null
Player ID: 0339759 Jugador: Luis Dommar Game ID: 15 GOL1: 1 GOL2: 2 PEN1: null PEN2: null
Player ID: 0339759 Jugador: Luis Dommar Game ID: 16 GOL1: 0 GOL2: 2 PEN1: null PEN2: null
Player ID: 0339759 Jugador: Luis Dommar Game ID: 17 GOL1: 4 GOL2: 2 PEN1: null PEN2: null
Player ID: 0339759 Jugador: Luis Dommar Game ID: 18 GOL1: 0 GOL2: 4 PEN1: null PEN2: null
Player ID: 0339759 Jugador: Luis Dommar Game ID: 19 GOL1: 3 GOL2: 1 PEN1: null PEN2: null
Player ID: 0339759 Jugador: Luis Dommar Game ID: 20 GOL1: 1 GOL2: 0 PEN1: null PEN2: null
Player ID: 0339759 Jugador: Luis Dommar Game ID: 21 GOL1: 2 GOL2: 0 PEN1: null PEN2: null
Player ID: 0339759 Jugador: Luis Dommar Game ID: 22 GOL1: 2 GOL2: 1 PEN1: null PEN2: null
Player ID: 0339759 Jugador: Luis Dommar Game ID: 23 GOL1: 1 GOL2: 0 PEN1: null PEN2: null
Player ID: 0339759 Jugador: Luis Dommar Game ID: 24 GOL1: 0 GOL2: 2 PEN1: null PEN2: null
Player ID: 0339759 Jugador: Luis Dommar Game ID: 25 GOL1: 3 GOL2: 2 PEN1: null PEN2: null
Player ID: 0339759 Jugador: Luis Dommar Game ID: 26 GOL1: 3 GOL2: 1 PEN1: null PEN2: null
Player ID: 0339759 Jugador: Luis Dommar Game ID: 27 GOL1: 3 GOL2: 0 PEN1: null PEN2: null
Player ID: 0339759 Jugador: Luis Dommar Game ID: 28 GOL1: 2 GOL2: 1 PEN1: null PEN2: null
Player ID: 0339759 Jugador: Luis Dommar Game ID: 29 GOL1: 2 GOL2: 1 PEN1: null PEN2: null
Player ID: 0339759 Jugador: Luis Dommar Game ID: 30 GOL1: 1 GOL2: 2 PEN1: null PEN2: null
Player ID: 0339759 Jugador: Luis Dommar Game ID: 31 GOL1: 4 GOL2: 0 PEN1: null PEN2: null
Player ID: 0339759 Jugador: Luis Dommar Game ID: 32 GOL1: 2 GOL2: 2 PEN1: null PEN2: null
Player ID: 0339759 Jugador: Luis Dommar Game ID: 33 GOL1: 3 GOL2: 1 PEN1: null PEN2: null
Player ID: 0339759 Jugador: Luis Dommar Game ID: 34 GOL1: 2 GOL2: 1 PEN1: null PEN2: null
Player ID: 0339759 Jugador: Luis Dommar Game ID: 35 GOL1: 2 GOL2: 0 PEN1: null PEN2: null
Player ID: 0339759 Jugador: Luis Dommar Game ID: 36 GOL1: 0 GOL2: 2 PEN1: null PEN2: null
Player ID: 0339759 Jugador: Luis Dommar Game ID: 37 GOL1: 3 GOL2: 1 PEN1: null PEN2: null
Player ID: 0339759 Jugador: Luis Dommar Game ID: 38 GOL1: 2 GOL2: 0 PEN1: null PEN2: null
Player ID: 0339759 Jugador: Luis Dommar Game ID: 39 GOL1: 2 GOL2: 0 PEN1: null PEN2: null
Player ID: 0339759 Jugador: Luis Dommar Game ID: 40 GOL1: 1 GOL2: 0 PEN1: null PEN2: null
Player ID: 0339759 Jugador: Luis Dommar Game ID: 41 GOL1: 2 GOL2: 1 PEN1: null PEN2: null
Player ID: 0339759 Jugador: Luis Dommar Game ID: 42 GOL1: 3 GOL2: 0 PEN1: null PEN2: null
Player ID: 0339759 Jugador: Luis Dommar Game ID: 43 GOL1: 2 GOL2: 2 PEN1: null PEN2: null
Player ID: 0339759 Jugador: Luis Dommar Game ID: 44 GOL1: 0 GOL2: 0 PEN1: null PEN2: null
Player ID: 0339759 Jugador: Luis Dommar Game ID: 45 GOL1: 3 GOL2: 0 PEN1: null PEN2: null
Player ID: 0339759 Jugador: Luis Dommar Game ID: 46 GOL1: 3 GOL2: 1 PEN1: null PEN2: null
Player ID: 0339759 Jugador: Luis Dommar Game ID: 47 GOL1: 0 GOL2: 2 PEN1: null PEN2: null
Player ID: 0339759 Jugador: Luis Dommar Game ID: 48 GOL1: 3 GOL2: 1 PEN1: null PEN2: null
Player ID: 0339759 Jugador: Luis Dommar Game ID: 49 GOL1: 3 GOL2: 2 PEN1: null PEN2: null
Player ID: 0339759 Jugador: Luis Dommar Game ID: 50 GOL1: 3 GOL2: 2 PEN1: null PEN2: null
Player ID: 0339759 Jugador: Luis Dommar Game ID: 51 GOL1: 4 GOL2: 2 PEN1: null PEN2: null
Player ID: 0339759 Jugador: Luis Dommar Game ID: 52 GOL1: 5 GOL2: 1 PEN1: null PEN2: null
Player ID: 0339759 Jugador: Luis Dommar Game ID: 53 GOL1: 1 GOL2: 3 PEN1: null PEN2: null
Player ID: 0339759 Jugador: Luis Dommar Game ID: 54 GOL1: 1 GOL2: 2 PEN1: null PEN2: null
Player ID: 0339759 Jugador: Luis Dommar Game ID: 55 GOL1: 1 GOL2: 3 PEN1: null PEN2: null
Player ID: 0339759 Jugador: Luis Dommar Game ID: 56 GOL1: 1 GOL2: 2 PEN1: null PEN2: null
Player ID: 0339759 Jugador: Luis Dommar Game ID: 57 GOL1: 2 GOL2: 1 PEN1: null PEN2: null
Player ID: 0339759 Jugador: Luis Dommar Game ID: 58 GOL1: 1 GOL2: 3 PEN1: null PEN2: null
Player ID: 0339759 Jugador: Luis Dommar Game ID: 59 GOL1: 4 GOL2: 3 PEN1: null PEN2: null
Player ID: 0339759 Jugador: Luis Dommar Game ID: 60 GOL1: 4 GOL2: 2 PEN1: null PEN2: null
Player ID: 0339759 Jugador: Luis Dommar Game ID: 61 GOL1: 2 GOL2: 4 PEN1: null PEN2: null
Player ID: 0339759 Jugador: Luis Dommar Game ID: 62 GOL1: 4 GOL2: 0 PEN1: null PEN2: null
Player ID: 0339759 Jugador: Luis Dommar Game ID: 63 GOL1: 1 GOL2: 1 PEN1: null PEN2: null
Player ID: 0339759 Jugador: Luis Dommar Game ID: 64 GOL1: 1 GOL2: 2 PEN1: null PEN2: null
Player ID: 0339759 Jugador: Luis Dommar Game ID: 65 GOL1: 2 GOL2: 1 PEN1: null PEN2: null
Player ID: 0339759 Jugador: Luis Dommar Game ID: 66 GOL1: 0 GOL2: 3 PEN1: null PEN2: null
Player ID: 0339759 Jugador: Luis Dommar Game ID: 67 GOL1: 1 GOL2: 3 PEN1: null PEN2: null
Player ID: 0339759 Jugador: Luis Dommar Game ID: 68 GOL1: 3 GOL2: 0 PEN1: null PEN2: null
Player ID: 0339759 Jugador: Luis Dommar Game ID: 69 GOL1: 2 GOL2: 2 PEN1: null PEN2: null
Player ID: 0339759 Jugador: Luis Dommar Game ID: 70 GOL1: 1 GOL2: 1 PEN1: null PEN2: null
Player ID: 0339759 Jugador: Luis Dommar Game ID: 71 GOL1: 1 GOL2: 1 PEN1: null PEN2: null
Player ID: 0339759 Jugador: Luis Dommar Game ID: 72 GOL1: 1 GOL2: 2 PEN1: null PEN2: null
[11-06-2026 @20:12:38] 
Player ID: 0036305 Jugador: daniel moreno Game ID: 1 GOL1: 1 GOL2: 0 PEN1: null PEN2: null
Player ID: 0036305 Jugador: daniel moreno Game ID: 2 GOL1: 1 GOL2: 2 PEN1: null PEN2: null
Player ID: 0036305 Jugador: daniel moreno Game ID: 3 GOL1: 0 GOL2: 1 PEN1: null PEN2: null
Player ID: 0036305 Jugador: daniel moreno Game ID: 4 GOL1: 0 GOL2: 1 PEN1: null PEN2: null
Player ID: 0036305 Jugador: daniel moreno Game ID: 5 GOL1: 1 GOL2: 3 PEN1: null PEN2: null
Player ID: 0036305 Jugador: daniel moreno Game ID: 6 GOL1: 2 GOL2: 1 PEN1: null PEN2: null
Player ID: 0036305 Jugador: daniel moreno Game ID: 7 GOL1: 0 GOL2: 2 PEN1: null PEN2: null
Player ID: 0036305 Jugador: daniel moreno Game ID: 8 GOL1: 1 GOL2: 2 PEN1: null PEN2: null
Player ID: 0036305 Jugador: daniel moreno Game ID: 9 GOL1: 3 GOL2: 1 PEN1: null PEN2: null
Player ID: 0036305 Jugador: daniel moreno Game ID: 10 GOL1: 2 GOL2: 1 PEN1: null PEN2: null
Player ID: 0036305 Jugador: daniel moreno Game ID: 11 GOL1: 0 GOL2: 1 PEN1: null PEN2: null
Player ID: 0036305 Jugador: daniel moreno Game ID: 12 GOL1: 2 GOL2: 0 PEN1: null PEN2: null
Player ID: 0036305 Jugador: daniel moreno Game ID: 13 GOL1: 3 GOL2: 1 PEN1: null PEN2: null
Player ID: 0036305 Jugador: daniel moreno Game ID: 14 GOL1: 2 GOL2: 1 PEN1: null PEN2: null
Player ID: 0036305 Jugador: daniel moreno Game ID: 15 GOL1: 1 GOL2: 3 PEN1: null PEN2: null
Player ID: 0036305 Jugador: daniel moreno Game ID: 16 GOL1: 1 GOL2: 0 PEN1: null PEN2: null
Player ID: 0036305 Jugador: daniel moreno Game ID: 17 GOL1: 3 GOL2: 1 PEN1: null PEN2: null
Player ID: 0036305 Jugador: daniel moreno Game ID: 18 GOL1: 1 GOL2: 4 PEN1: null PEN2: null
Player ID: 0036305 Jugador: daniel moreno Game ID: 19 GOL1: 3 GOL2: 2 PEN1: null PEN2: null
Player ID: 0036305 Jugador: daniel moreno Game ID: 20 GOL1: 3 GOL2: 1 PEN1: null PEN2: null
Player ID: 0036305 Jugador: daniel moreno Game ID: 21 GOL1: 4 GOL2: 1 PEN1: null PEN2: null
Player ID: 0036305 Jugador: daniel moreno Game ID: 22 GOL1: 3 GOL2: 2 PEN1: null PEN2: null
Player ID: 0036305 Jugador: daniel moreno Game ID: 23 GOL1: 2 GOL2: 0 PEN1: null PEN2: null
Player ID: 0036305 Jugador: daniel moreno Game ID: 24 GOL1: 1 GOL2: 3 PEN1: null PEN2: null
Player ID: 0036305 Jugador: daniel moreno Game ID: 25 GOL1: 2 GOL2: 1 PEN1: null PEN2: null
Player ID: 0036305 Jugador: daniel moreno Game ID: 26 GOL1: 1 GOL2: 0 PEN1: null PEN2: null
Player ID: 0036305 Jugador: daniel moreno Game ID: 27 GOL1: 2 GOL2: 1 PEN1: null PEN2: null
Player ID: 0036305 Jugador: daniel moreno Game ID: 28 GOL1: 1 GOL2: 0 PEN1: null PEN2: null
Player ID: 0036305 Jugador: daniel moreno Game ID: 29 GOL1: 2 GOL2: 2 PEN1: null PEN2: null
Player ID: 0036305 Jugador: daniel moreno Game ID: 30 GOL1: 2 GOL2: 1 PEN1: null PEN2: null
Player ID: 0036305 Jugador: daniel moreno Game ID: 31 GOL1: 4 GOL2: 1 PEN1: null PEN2: null
Player ID: 0036305 Jugador: daniel moreno Game ID: 32 GOL1: 0 GOL2: 0 PEN1: null PEN2: null
Player ID: 0036305 Jugador: daniel moreno Game ID: 33 GOL1: 2 GOL2: 1 PEN1: null PEN2: null
Player ID: 0036305 Jugador: daniel moreno Game ID: 34 GOL1: 2 GOL2: 0 PEN1: null PEN2: null
Player ID: 0036305 Jugador: daniel moreno Game ID: 35 GOL1: 1 GOL2: 0 PEN1: null PEN2: null
Player ID: 0036305 Jugador: daniel moreno Game ID: 36 GOL1: 2 GOL2: 1 PEN1: null PEN2: null
Player ID: 0036305 Jugador: daniel moreno Game ID: 37 GOL1: 3 GOL2: 0 PEN1: null PEN2: null
Player ID: 0036305 Jugador: daniel moreno Game ID: 38 GOL1: 3 GOL2: 1 PEN1: null PEN2: null
Player ID: 0036305 Jugador: daniel moreno Game ID: 39 GOL1: 2 GOL2: 0 PEN1: null PEN2: null
Player ID: 0036305 Jugador: daniel moreno Game ID: 40 GOL1: 0 GOL2: 1 PEN1: null PEN2: null
Player ID: 0036305 Jugador: daniel moreno Game ID: 41 GOL1: 2 GOL2: 2 PEN1: null PEN2: null
Player ID: 0036305 Jugador: daniel moreno Game ID: 42 GOL1: 4 GOL2: 0 PEN1: null PEN2: null
Player ID: 0036305 Jugador: daniel moreno Game ID: 43 GOL1: 2 GOL2: 1 PEN1: null PEN2: null
Player ID: 0036305 Jugador: daniel moreno Game ID: 44 GOL1: 1 GOL2: 3 PEN1: null PEN2: null
Player ID: 0036305 Jugador: daniel moreno Game ID: 45 GOL1: 4 GOL2: 1 PEN1: null PEN2: null
Player ID: 0036305 Jugador: daniel moreno Game ID: 46 GOL1: 2 GOL2: 0 PEN1: null PEN2: null
Player ID: 0036305 Jugador: daniel moreno Game ID: 47 GOL1: 0 GOL2: 2 PEN1: null PEN2: null
Player ID: 0036305 Jugador: daniel moreno Game ID: 48 GOL1: 3 GOL2: 1 PEN1: null PEN2: null
Player ID: 0036305 Jugador: daniel moreno Game ID: 49 GOL1: 2 GOL2: 1 PEN1: null PEN2: null
Player ID: 0036305 Jugador: daniel moreno Game ID: 50 GOL1: 2 GOL2: 0 PEN1: null PEN2: null
Player ID: 0036305 Jugador: daniel moreno Game ID: 51 GOL1: 1 GOL2: 0 PEN1: null PEN2: null
Player ID: 0036305 Jugador: daniel moreno Game ID: 52 GOL1: 2 GOL2: 0 PEN1: null PEN2: null
Player ID: 0036305 Jugador: daniel moreno Game ID: 53 GOL1: 1 GOL2: 1 PEN1: null PEN2: null
Player ID: 0036305 Jugador: daniel moreno Game ID: 54 GOL1: 2 GOL2: 2 PEN1: null PEN2: null
Player ID: 0036305 Jugador: daniel moreno Game ID: 55 GOL1: 2 GOL2: 4 PEN1: null PEN2: null
Player ID: 0036305 Jugador: daniel moreno Game ID: 56 GOL1: 1 GOL2: 0 PEN1: null PEN2: null
Player ID: 0036305 Jugador: daniel moreno Game ID: 57 GOL1: 1 GOL2: 3 PEN1: null PEN2: null
Player ID: 0036305 Jugador: daniel moreno Game ID: 58 GOL1: 2 GOL2: 4 PEN1: null PEN2: null
Player ID: 0036305 Jugador: daniel moreno Game ID: 59 GOL1: 2 GOL2: 1 PEN1: null PEN2: null
Player ID: 0036305 Jugador: daniel moreno Game ID: 60 GOL1: 1 GOL2: 0 PEN1: null PEN2: null
Player ID: 0036305 Jugador: daniel moreno Game ID: 61 GOL1: 3 GOL2: 4 PEN1: null PEN2: null
Player ID: 0036305 Jugador: daniel moreno Game ID: 62 GOL1: 2 GOL2: 0 PEN1: null PEN2: null
Player ID: 0036305 Jugador: daniel moreno Game ID: 63 GOL1: 0 GOL2: 1 PEN1: null PEN2: null
Player ID: 0036305 Jugador: daniel moreno Game ID: 64 GOL1: 1 GOL2: 4 PEN1: null PEN2: null
Player ID: 0036305 Jugador: daniel moreno Game ID: 65 GOL1: 0 GOL2: 1 PEN1: null PEN2: null
Player ID: 0036305 Jugador: daniel moreno Game ID: 66 GOL1: 1 GOL2: 3 PEN1: null PEN2: null
Player ID: 0036305 Jugador: daniel moreno Game ID: 67 GOL1: 0 GOL2: 3 PEN1: null PEN2: null
Player ID: 0036305 Jugador: daniel moreno Game ID: 68 GOL1: 2 GOL2: 1 PEN1: null PEN2: null
Player ID: 0036305 Jugador: daniel moreno Game ID: 69 GOL1: 2 GOL2: 3 PEN1: null PEN2: null
Player ID: 0036305 Jugador: daniel moreno Game ID: 70 GOL1: 1 GOL2: 0 PEN1: null PEN2: null
Player ID: 0036305 Jugador: daniel moreno Game ID: 71 GOL1: 1 GOL2: 2 PEN1: null PEN2: null
Player ID: 0036305 Jugador: daniel moreno Game ID: 72 GOL1: 1 GOL2: 4 PEN1: null PEN2: null
[11-06-2026 @20:17:13] 
Player ID: 0740234 Jugador: Preda Game ID: 1 GOL1: 0 GOL2: 1 PEN1: null PEN2: null
Player ID: 0740234 Jugador: Preda Game ID: 2 GOL1: 2 GOL2: 1 PEN1: null PEN2: null
Player ID: 0740234 Jugador: Preda Game ID: 3 GOL1: 2 GOL2: 0 PEN1: null PEN2: null
Player ID: 0740234 Jugador: Preda Game ID: 4 GOL1: 1 GOL2: 2 PEN1: null PEN2: null
Player ID: 0740234 Jugador: Preda Game ID: 5 GOL1: 0 GOL2: 1 PEN1: null PEN2: null
Player ID: 0740234 Jugador: Preda Game ID: 6 GOL1: 3 GOL2: 1 PEN1: null PEN2: null
Player ID: 0740234 Jugador: Preda Game ID: 7 GOL1: 0 GOL2: 1 PEN1: null PEN2: null
Player ID: 0740234 Jugador: Preda Game ID: 8 GOL1: 0 GOL2: 1 PEN1: null PEN2: null
Player ID: 0740234 Jugador: Preda Game ID: 9 GOL1: 2 GOL2: 0 PEN1: null PEN2: null
Player ID: 0740234 Jugador: Preda Game ID: 10 GOL1: 2 GOL2: 1 PEN1: null PEN2: null
Player ID: 0740234 Jugador: Preda Game ID: 11 GOL1: 0 GOL2: 2 PEN1: null PEN2: null
Player ID: 0740234 Jugador: Preda Game ID: 12 GOL1: 1 GOL2: 0 PEN1: null PEN2: null
Player ID: 0740234 Jugador: Preda Game ID: 13 GOL1: 2 GOL2: 1 PEN1: null PEN2: null
Player ID: 0740234 Jugador: Preda Game ID: 14 GOL1: 2 GOL2: 1 PEN1: null PEN2: null
Player ID: 0740234 Jugador: Preda Game ID: 15 GOL1: 1 GOL2: 2 PEN1: null PEN2: null
Player ID: 0740234 Jugador: Preda Game ID: 16 GOL1: 1 GOL2: 1 PEN1: null PEN2: null
Player ID: 0740234 Jugador: Preda Game ID: 17 GOL1: 4 GOL2: 2 PEN1: null PEN2: null
Player ID: 0740234 Jugador: Preda Game ID: 18 GOL1: 1 GOL2: 3 PEN1: null PEN2: null
Player ID: 0740234 Jugador: Preda Game ID: 19 GOL1: 1 GOL2: 0 PEN1: null PEN2: null
Player ID: 0740234 Jugador: Preda Game ID: 20 GOL1: 1 GOL2: 0 PEN1: null PEN2: null
Player ID: 0740234 Jugador: Preda Game ID: 21 GOL1: 1 GOL2: 0 PEN1: null PEN2: null
Player ID: 0740234 Jugador: Preda Game ID: 22 GOL1: 2 GOL2: 1 PEN1: null PEN2: null
Player ID: 0740234 Jugador: Preda Game ID: 23 GOL1: 2 GOL2: 1 PEN1: null PEN2: null
Player ID: 0740234 Jugador: Preda Game ID: 24 GOL1: 1 GOL2: 3 PEN1: null PEN2: null
Player ID: 0740234 Jugador: Preda Game ID: 25 GOL1: 1 GOL2: 0 PEN1: null PEN2: null
Player ID: 0740234 Jugador: Preda Game ID: 26 GOL1: 1 GOL2: 0 PEN1: null PEN2: null
Player ID: 0740234 Jugador: Preda Game ID: 27 GOL1: 3 GOL2: 0 PEN1: null PEN2: null
Player ID: 0740234 Jugador: Preda Game ID: 28 GOL1: 1 GOL2: 0 PEN1: null PEN2: null
Player ID: 0740234 Jugador: Preda Game ID: 29 GOL1: 1 GOL2: 0 PEN1: null PEN2: null
Player ID: 0740234 Jugador: Preda Game ID: 30 GOL1: 0 GOL2: 2 PEN1: null PEN2: null
Player ID: 0740234 Jugador: Preda Game ID: 31 GOL1: 3 GOL2: 0 PEN1: null PEN2: null
Player ID: 0740234 Jugador: Preda Game ID: 32 GOL1: 0 GOL2: 1 PEN1: null PEN2: null
Player ID: 0740234 Jugador: Preda Game ID: 33 GOL1: 2 GOL2: 0 PEN1: null PEN2: null
Player ID: 0740234 Jugador: Preda Game ID: 34 GOL1: 3 GOL2: 0 PEN1: null PEN2: null
Player ID: 0740234 Jugador: Preda Game ID: 35 GOL1: 3 GOL2: 0 PEN1: null PEN2: null
Player ID: 0740234 Jugador: Preda Game ID: 36 GOL1: 0 GOL2: 2 PEN1: null PEN2: null
Player ID: 0740234 Jugador: Preda Game ID: 37 GOL1: 2 GOL2: 0 PEN1: null PEN2: null
Player ID: 0740234 Jugador: Preda Game ID: 38 GOL1: 2 GOL2: 1 PEN1: null PEN2: null
Player ID: 0740234 Jugador: Preda Game ID: 39 GOL1: 2 GOL2: 0 PEN1: null PEN2: null
Player ID: 0740234 Jugador: Preda Game ID: 40 GOL1: 0 GOL2: 1 PEN1: null PEN2: null
Player ID: 0740234 Jugador: Preda Game ID: 41 GOL1: 2 GOL2: 0 PEN1: null PEN2: null
Player ID: 0740234 Jugador: Preda Game ID: 42 GOL1: 3 GOL2: 0 PEN1: null PEN2: null
Player ID: 0740234 Jugador: Preda Game ID: 43 GOL1: 2 GOL2: 1 PEN1: null PEN2: null
Player ID: 0740234 Jugador: Preda Game ID: 44 GOL1: 1 GOL2: 1 PEN1: null PEN2: null
Player ID: 0740234 Jugador: Preda Game ID: 45 GOL1: 2 GOL2: 0 PEN1: null PEN2: null
Player ID: 0740234 Jugador: Preda Game ID: 46 GOL1: 2 GOL2: 1 PEN1: null PEN2: null
Player ID: 0740234 Jugador: Preda Game ID: 47 GOL1: 2 GOL2: 1 PEN1: null PEN2: null
Player ID: 0740234 Jugador: Preda Game ID: 48 GOL1: 3 GOL2: 0 PEN1: null PEN2: null
Player ID: 0740234 Jugador: Preda Game ID: 49 GOL1: 1 GOL2: 2 PEN1: null PEN2: null
Player ID: 0740234 Jugador: Preda Game ID: 50 GOL1: 1 GOL2: 0 PEN1: null PEN2: null
Player ID: 0740234 Jugador: Preda Game ID: 51 GOL1: 2 GOL2: 0 PEN1: null PEN2: null
Player ID: 0740234 Jugador: Preda Game ID: 52 GOL1: 3 GOL2: 0 PEN1: null PEN2: null
Player ID: 0740234 Jugador: Preda Game ID: 53 GOL1: 1 GOL2: 2 PEN1: null PEN2: null
Player ID: 0740234 Jugador: Preda Game ID: 54 GOL1: 1 GOL2: 2 PEN1: null PEN2: null
Player ID: 0740234 Jugador: Preda Game ID: 55 GOL1: 2 GOL2: 1 PEN1: null PEN2: null
Player ID: 0740234 Jugador: Preda Game ID: 56 GOL1: 1 GOL2: 2 PEN1: null PEN2: null
Player ID: 0740234 Jugador: Preda Game ID: 57 GOL1: 3 GOL2: 1 PEN1: null PEN2: null
Player ID: 0740234 Jugador: Preda Game ID: 58 GOL1: 0 GOL2: 2 PEN1: null PEN2: null
Player ID: 0740234 Jugador: Preda Game ID: 59 GOL1: 0 GOL2: 1 PEN1: null PEN2: null
Player ID: 0740234 Jugador: Preda Game ID: 60 GOL1: 1 GOL2: 0 PEN1: null PEN2: null
Player ID: 0740234 Jugador: Preda Game ID: 61 GOL1: 3 GOL2: 2 PEN1: null PEN2: null
Player ID: 0740234 Jugador: Preda Game ID: 62 GOL1: 1 GOL2: 0 PEN1: null PEN2: null
Player ID: 0740234 Jugador: Preda Game ID: 63 GOL1: 1 GOL2: 0 PEN1: null PEN2: null
Player ID: 0740234 Jugador: Preda Game ID: 64 GOL1: 1 GOL2: 2 PEN1: null PEN2: null
Player ID: 0740234 Jugador: Preda Game ID: 65 GOL1: 1 GOL2: 0 PEN1: null PEN2: null
Player ID: 0740234 Jugador: Preda Game ID: 66 GOL1: 0 GOL2: 2 PEN1: null PEN2: null
Player ID: 0740234 Jugador: Preda Game ID: 67 GOL1: 1 GOL2: 2 PEN1: null PEN2: null
Player ID: 0740234 Jugador: Preda Game ID: 68 GOL1: 2 GOL2: 1 PEN1: null PEN2: null
Player ID: 0740234 Jugador: Preda Game ID: 69 GOL1: 1 GOL2: 2 PEN1: null PEN2: null
Player ID: 0740234 Jugador: Preda Game ID: 70 GOL1: 1 GOL2: 0 PEN1: null PEN2: null
Player ID: 0740234 Jugador: Preda Game ID: 71 GOL1: 0 GOL2: 1 PEN1: null PEN2: null
Player ID: 0740234 Jugador: Preda Game ID: 72 GOL1: 1 GOL2: 2 PEN1: null PEN2: null
[11-06-2026 @20:25:18] 
Player ID: 0705346 Jugador: Alejandra  Game ID: 1 GOL1: 2 GOL2: 0 PEN1: null PEN2: null
Player ID: 0705346 Jugador: Alejandra  Game ID: 2 GOL1: 3 GOL2: 2 PEN1: null PEN2: null
Player ID: 0705346 Jugador: Alejandra  Game ID: 3 GOL1: 2 GOL2: 0 PEN1: null PEN2: null
Player ID: 0705346 Jugador: Alejandra  Game ID: 4 GOL1: 1 GOL2: 2 PEN1: null PEN2: null
Player ID: 0705346 Jugador: Alejandra  Game ID: 5 GOL1: 3 GOL2: 2 PEN1: null PEN2: null
Player ID: 0705346 Jugador: Alejandra  Game ID: 6 GOL1: 2 GOL2: 1 PEN1: null PEN2: null
Player ID: 0705346 Jugador: Alejandra  Game ID: 7 GOL1: 1 GOL2: 1 PEN1: null PEN2: null
Player ID: 0705346 Jugador: Alejandra  Game ID: 8 GOL1: 2 GOL2: 1 PEN1: null PEN2: null
Player ID: 0705346 Jugador: Alejandra  Game ID: 9 GOL1: 4 GOL2: 0 PEN1: null PEN2: null
Player ID: 0705346 Jugador: Alejandra  Game ID: 10 GOL1: 1 GOL2: 1 PEN1: null PEN2: null
Player ID: 0705346 Jugador: Alejandra  Game ID: 11 GOL1: 1 GOL2: 2 PEN1: null PEN2: null
Player ID: 0705346 Jugador: Alejandra  Game ID: 12 GOL1: 2 GOL2: 0 PEN1: null PEN2: null
Player ID: 0705346 Jugador: Alejandra  Game ID: 13 GOL1: 3 GOL2: 0 PEN1: null PEN2: null
Player ID: 0705346 Jugador: Alejandra  Game ID: 14 GOL1: 2 GOL2: 1 PEN1: null PEN2: null
Player ID: 0705346 Jugador: Alejandra  Game ID: 15 GOL1: 1 GOL2: 2 PEN1: null PEN2: null
Player ID: 0705346 Jugador: Alejandra  Game ID: 16 GOL1: 1 GOL2: 1 PEN1: null PEN2: null
Player ID: 0705346 Jugador: Alejandra  Game ID: 17 GOL1: 2 GOL2: 0 PEN1: null PEN2: null
Player ID: 0705346 Jugador: Alejandra  Game ID: 18 GOL1: 0 GOL2: 2 PEN1: null PEN2: null
Player ID: 0705346 Jugador: Alejandra  Game ID: 19 GOL1: 3 GOL2: 0 PEN1: null PEN2: null
Player ID: 0705346 Jugador: Alejandra  Game ID: 20 GOL1: 2 GOL2: 1 PEN1: null PEN2: null
Player ID: 0705346 Jugador: Alejandra  Game ID: 21 GOL1: 3 GOL2: 1 PEN1: null PEN2: null
Player ID: 0705346 Jugador: Alejandra  Game ID: 22 GOL1: 3 GOL2: 1 PEN1: null PEN2: null
Player ID: 0705346 Jugador: Alejandra  Game ID: 23 GOL1: 3 GOL2: 2 PEN1: null PEN2: null
Player ID: 0705346 Jugador: Alejandra  Game ID: 24 GOL1: 2 GOL2: 3 PEN1: null PEN2: null
Player ID: 0705346 Jugador: Alejandra  Game ID: 25 GOL1: 0 GOL2: 0 PEN1: null PEN2: null
Player ID: 0705346 Jugador: Alejandra  Game ID: 26 GOL1: 1 GOL2: 0 PEN1: null PEN2: null
Player ID: 0705346 Jugador: Alejandra  Game ID: 27 GOL1: 2 GOL2: 0 PEN1: null PEN2: null
Player ID: 0705346 Jugador: Alejandra  Game ID: 28 GOL1: 2 GOL2: 1 PEN1: null PEN2: null
Player ID: 0705346 Jugador: Alejandra  Game ID: 29 GOL1: 1 GOL2: 1 PEN1: null PEN2: null
Player ID: 0705346 Jugador: Alejandra  Game ID: 30 GOL1: 0 GOL2: 1 PEN1: null PEN2: null
Player ID: 0705346 Jugador: Alejandra  Game ID: 31 GOL1: 3 GOL2: 0 PEN1: null PEN2: null
Player ID: 0705346 Jugador: Alejandra  Game ID: 32 GOL1: 3 GOL2: 2 PEN1: null PEN2: null
Player ID: 0705346 Jugador: Alejandra  Game ID: 33 GOL1: 3 GOL2: 1 PEN1: null PEN2: null
Player ID: 0705346 Jugador: Alejandra  Game ID: 34 GOL1: 4 GOL2: 1 PEN1: null PEN2: null
Player ID: 0705346 Jugador: Alejandra  Game ID: 35 GOL1: 3 GOL2: 0 PEN1: null PEN2: null
Player ID: 0705346 Jugador: Alejandra  Game ID: 36 GOL1: 2 GOL2: 3 PEN1: null PEN2: null
Player ID: 0705346 Jugador: Alejandra  Game ID: 37 GOL1: 3 GOL2: 0 PEN1: null PEN2: null
Player ID: 0705346 Jugador: Alejandra  Game ID: 38 GOL1: 0 GOL2: 0 PEN1: null PEN2: null
Player ID: 0705346 Jugador: Alejandra  Game ID: 39 GOL1: 3 GOL2: 0 PEN1: null PEN2: null
Player ID: 0705346 Jugador: Alejandra  Game ID: 40 GOL1: 2 GOL2: 1 PEN1: null PEN2: null
Player ID: 0705346 Jugador: Alejandra  Game ID: 41 GOL1: 4 GOL2: 1 PEN1: null PEN2: null
Player ID: 0705346 Jugador: Alejandra  Game ID: 42 GOL1: 4 GOL2: 0 PEN1: null PEN2: null
Player ID: 0705346 Jugador: Alejandra  Game ID: 43 GOL1: 0 GOL2: 0 PEN1: null PEN2: null
Player ID: 0705346 Jugador: Alejandra  Game ID: 44 GOL1: 2 GOL2: 2 PEN1: null PEN2: null
Player ID: 0705346 Jugador: Alejandra  Game ID: 45 GOL1: 4 GOL2: 1 PEN1: null PEN2: null
Player ID: 0705346 Jugador: Alejandra  Game ID: 46 GOL1: 4 GOL2: 0 PEN1: null PEN2: null
Player ID: 0705346 Jugador: Alejandra  Game ID: 47 GOL1: 2 GOL2: 4 PEN1: null PEN2: null
Player ID: 0705346 Jugador: Alejandra  Game ID: 48 GOL1: 2 GOL2: 0 PEN1: null PEN2: null
Player ID: 0705346 Jugador: Alejandra  Game ID: 49 GOL1: 2 GOL2: 3 PEN1: null PEN2: null
Player ID: 0705346 Jugador: Alejandra  Game ID: 50 GOL1: 2 GOL2: 3 PEN1: null PEN2: null
Player ID: 0705346 Jugador: Alejandra  Game ID: 51 GOL1: 4 GOL2: 0 PEN1: null PEN2: null
Player ID: 0705346 Jugador: Alejandra  Game ID: 52 GOL1: 3 GOL2: 1 PEN1: null PEN2: null
Player ID: 0705346 Jugador: Alejandra  Game ID: 53 GOL1: 2 GOL2: 3 PEN1: null PEN2: null
Player ID: 0705346 Jugador: Alejandra  Game ID: 54 GOL1: 2 GOL2: 3 PEN1: null PEN2: null
Player ID: 0705346 Jugador: Alejandra  Game ID: 55 GOL1: 0 GOL2: 0 PEN1: null PEN2: null
Player ID: 0705346 Jugador: Alejandra  Game ID: 56 GOL1: 1 GOL2: 2 PEN1: null PEN2: null
Player ID: 0705346 Jugador: Alejandra  Game ID: 57 GOL1: 3 GOL2: 0 PEN1: null PEN2: null
Player ID: 0705346 Jugador: Alejandra  Game ID: 58 GOL1: 0 GOL2: 1 PEN1: null PEN2: null
Player ID: 0705346 Jugador: Alejandra  Game ID: 59 GOL1: 1 GOL2: 3 PEN1: null PEN2: null
Player ID: 0705346 Jugador: Alejandra  Game ID: 60 GOL1: 1 GOL2: 3 PEN1: null PEN2: null
Player ID: 0705346 Jugador: Alejandra  Game ID: 61 GOL1: 0 GOL2: 4 PEN1: null PEN2: null
Player ID: 0705346 Jugador: Alejandra  Game ID: 62 GOL1: 1 GOL2: 1 PEN1: null PEN2: null
Player ID: 0705346 Jugador: Alejandra  Game ID: 63 GOL1: 1 GOL2: 1 PEN1: null PEN2: null
Player ID: 0705346 Jugador: Alejandra  Game ID: 64 GOL1: 2 GOL2: 3 PEN1: null PEN2: null
Player ID: 0705346 Jugador: Alejandra  Game ID: 65 GOL1: 2 GOL2: 2 PEN1: null PEN2: null
Player ID: 0705346 Jugador: Alejandra  Game ID: 66 GOL1: 2 GOL2: 1 PEN1: null PEN2: null
Player ID: 0705346 Jugador: Alejandra  Game ID: 67 GOL1: 1 GOL2: 3 PEN1: null PEN2: null
Player ID: 0705346 Jugador: Alejandra  Game ID: 68 GOL1: 2 GOL2: 1 PEN1: null PEN2: null
Player ID: 0705346 Jugador: Alejandra  Game ID: 69 GOL1: 1 GOL2: 3 PEN1: null PEN2: null
Player ID: 0705346 Jugador: Alejandra  Game ID: 70 GOL1: 1 GOL2: 1 PEN1: null PEN2: null
Player ID: 0705346 Jugador: Alejandra  Game ID: 71 GOL1: 2 GOL2: 1 PEN1: null PEN2: null
Player ID: 0705346 Jugador: Alejandra  Game ID: 72 GOL1: 1 GOL2: 4 PEN1: null PEN2: null
